city,year,suhi_day_C_mean,suhi_night_C_mean,dEVI_mean,t2m_C_mean,rh_pct_mean,wind10_ms_mean,precip_mm_mean,cloud_frac_mean,blh_m_mean,n_months,n_valid_day,n_valid_night,urban_lst_day_C_mean,urban_lst_night_C_mean,rural_lst_day_C_mean,rural_lst_night_C_mean,period,season
Adelaide,2003,2.045158024,0.527008018,-0.052817299,15.32666282,65.74730479,2.132090044,43.22346642,0.427211476,640.6306701,12,12,12,26.52478019,11.14624933,24.47962216,10.61924132,ANNUAL,Annual
Adelaide,2004,2.032500416,0.732248502,-0.052175765,15.52379993,64.53439179,1.915756467,42.04023488,0.455223515,639.3272179,12,12,12,26.7311379,10.81997,24.69863748,10.0877215,ANNUAL,Annual
Adelaide,2005,2.222426608,0.519350555,-0.047827166,15.74088573,64.96119475,1.625390981,51.03795093,0.447546396,622.1460131,12,12,12,27.07552161,11.31863254,24.853095,10.79928199,ANNUAL,Annual
Adelaide,2006,2.045268853,0.589489595,-0.053092595,15.5283903,62.1972624,1.566042797,31.62451564,0.406909855,609.3196981,12,12,12,27.4486658,10.97062241,25.40339695,10.38113282,ANNUAL,Annual
Adelaide,2007,1.891950529,0.351880447,-0.054436859,16.34034948,62.37417495,1.765477978,44.26696676,0.413436169,653.9869758,12,12,12,27.74777442,12.03959165,25.85582389,11.68771121,ANNUAL,Annual
Adelaide,2008,2.044895415,0.885523741,-0.060010143,15.6038491,62.77686306,1.648990356,39.35887585,0.440643358,649.5632688,12,12,12,27.55217602,10.94300285,25.50728061,10.05747911,ANNUAL,Annual
Adelaide,2009,2.138341699,0.619416523,-0.064043,16.26969892,63.87987383,1.974127582,44.7744512,0.42730634,653.1334975,12,12,12,27.65460091,12.09854903,25.51625921,11.4791325,ANNUAL,Annual
Adelaide,2010,2.37825215,0.632887373,-0.063296265,15.62114376,66.84745191,1.449072126,52.70598433,0.493646065,610.8383575,12,12,12,26.64829757,11.10544496,24.27004542,10.47255758,ANNUAL,Annual
Adelaide,2011,2.47183707,0.760349925,-0.063302647,15.74582647,66.93135665,1.556760766,41.5394925,0.456915991,585.3919754,12,12,12,26.89315188,11.38181976,24.42131481,10.62146983,ANNUAL,Annual
Adelaide,2012,2.154146353,0.383324898,-0.05683704,15.67261445,64.26618549,1.437268578,36.15203454,0.447583182,637.5080501,12,12,12,26.8928811,11.29000046,24.73873475,10.90667557,ANNUAL,Annual
Adelaide,2013,2.107057565,0.868575969,-0.062905746,16.35553483,64.17650806,1.867076331,46.78419243,0.483102019,638.1989316,12,12,12,27.72199296,11.85151753,25.6149354,10.98294156,ANNUAL,Annual
Adelaide,2014,2.052202546,0.764884877,-0.059611611,16.18699877,64.66902117,1.70289298,37.64976119,0.465899693,603.9059774,12,12,12,27.61324371,11.64395832,25.56104116,10.87907344,ANNUAL,Annual
Adelaide,2015,2.011885835,0.537256478,-0.055802841,15.80136639,64.29685197,1.562085599,31.69053406,0.466942431,616.8011388,12,12,12,27.25444495,11.16838861,25.24255912,10.63113213,ANNUAL,Annual
Adelaide,2016,2.310332733,0.614478523,-0.063107349,15.59295911,67.89610185,2.033036386,60.61466205,0.51258419,642.5575498,12,12,12,26.75483995,11.13615063,24.44450722,10.5216721,ANNUAL,Annual
Adelaide,2017,2.476575398,0.656545682,-0.061349942,15.96914925,65.96152349,1.771949104,41.77717666,0.464777545,621.4401323,12,12,12,27.41218076,11.84804908,24.93560536,11.19150339,ANNUAL,Annual
Adelaide,2018,2.149706807,0.905965528,-0.058534743,16.10521164,61.90546797,1.759828405,33.39445725,0.465878492,655.9078011,12,12,12,27.93826561,11.59417747,25.7885588,10.68821195,ANNUAL,Annual
Adelaide,2019,2.018330611,0.778725018,-0.060653658,16.02388792,61.68085393,1.761972983,33.08285797,0.440397564,644.6023235,12,12,12,28.1590339,11.7297485,26.14070329,10.95102348,ANNUAL,Annual
Adelaide,2020,2.253375603,0.791503777,-0.056466844,15.25551541,66.2486989,1.600823429,43.71984567,0.502060636,630.6076666,12,12,12,27.00183479,10.80161541,24.74845919,10.01011163,ANNUAL,Annual
Adelaide,2021,2.337896444,0.799652087,-0.05482177,15.27237897,65.22079046,1.891181662,42.58406178,0.473127846,643.174981,12,12,12,26.86160004,11.11808114,24.5237036,10.31842905,ANNUAL,Annual
Adelaide,2022,2.508617192,0.686159455,-0.060527565,15.36230105,70.18712077,1.713476101,55.82121212,0.522337535,637.3847458,12,12,12,25.96061588,11.35259731,23.45199869,10.66643786,ANNUAL,Annual
Adelaide,2023,2.516493101,0.676040762,-0.060653831,15.46067879,68.28797604,2.044428911,41.63075353,0.455654049,602.2293059,12,12,12,26.39427449,11.6518655,23.87778138,10.97582474,ANNUAL,Annual
Adelaide,2024,2.034609395,0.694769879,-0.048521932,16.02099583,65.49573647,1.740306648,30.17817358,0.438268789,585.0701373,12,12,12,26.24742126,11.93607314,24.21281187,11.24130326,ANNUAL,Annual
Adelaide,2025,1.870877404,0.512011696,-0.057037451,15.99428062,63.92034132,1.9589135,36.11081301,0.439265123,633.2456056,12,12,12,24.72808258,11.83191417,22.85720518,11.31990248,ANNUAL,Annual
Brisbane,2003,1.373764533,0.348487321,-0.032949547,19.63350464,71.58174899,1.443468525,69.28723318,0.407863383,606.8706881,12,12,12,29.65839717,15.36025246,28.28463264,15.01176514,ANNUAL,Annual
Brisbane,2004,1.381284793,0.40962539,-0.043421122,20.01252827,70.80521443,1.27283696,85.10457454,0.375527229,592.8086047,12,12,12,30.5455293,16.03026984,29.1642445,15.62064445,ANNUAL,Annual
Brisbane,2005,1.188854335,0.310099856,-0.040726466,20.32043461,72.21123885,1.434784998,62.88336118,0.398559466,602.8906255,12,12,12,30.14653505,16.24070058,28.95768072,15.93060072,ANNUAL,Annual
Brisbane,2006,1.313276386,0.497203294,-0.042929255,19.72581129,71.74312901,1.42860911,73.82183862,0.4032879,598.1337485,12,12,12,30.19467722,15.73531473,28.88140083,15.23811144,ANNUAL,Annual
Brisbane,2007,1.091807439,0.515753181,-0.033955475,19.97086893,70.95017957,1.634676736,69.83547077,0.452848657,612.3873359,12,12,12,30.70706446,15.97774459,29.61525702,15.46199141,ANNUAL,Annual
Brisbane,2008,1.592574228,0.399149371,-0.043800499,19.460332,72.16882455,1.509801709,87.98971534,0.443474972,604.0617262,12,12,12,29.27819296,15.63957793,27.68561873,15.24042855,ANNUAL,Annual
Brisbane,2009,1.697664112,0.420388446,-0.052281593,20.27765403,70.51628368,1.555025643,70.67807001,0.394089904,608.1144136,12,12,12,30.32364821,16.34433089,28.6259841,15.92394245,ANNUAL,Annual
Brisbane,2010,1.724816765,0.573211106,-0.052226558,19.94380526,74.45577993,1.556794432,118.9492235,0.544066749,571.0076256,12,12,12,28.67072241,15.79452134,26.94590565,15.22131024,ANNUAL,Annual
Brisbane,2011,1.825537874,0.503679096,-0.058141965,19.48926849,72.20849386,1.663124101,88.28811233,0.44577551,602.9691322,12,12,12,28.9205649,15.5164827,27.09502702,15.0128036,ANNUAL,Annual
Brisbane,2012,1.770918351,0.539899328,-0.055030411,19.64724092,71.24003385,1.474876448,102.9085629,0.425441233,589.1367076,12,12,12,29.85090237,15.58288444,28.07998402,15.04298511,ANNUAL,Annual
Brisbane,2013,1.710727143,0.466673152,-0.063163492,20.08622529,72.18109823,1.535371883,92.2195401,0.422356737,591.7871578,12,12,12,30.33058752,15.99819411,28.61986037,15.53152096,ANNUAL,Annual
Brisbane,2014,1.478707636,0.660321762,-0.050627518,20.27067978,70.00707744,1.521847922,54.35829817,0.417361761,626.5652336,12,12,12,30.98141445,16.09876761,29.50270681,15.43844585,ANNUAL,Annual
Brisbane,2015,1.861242901,0.639353813,-0.058694196,19.94176664,73.39336937,1.468966674,89.53553159,0.419377154,575.9756909,12,12,12,29.78566445,15.84996046,27.92442155,15.21060665,ANNUAL,Annual
Brisbane,2016,1.513902674,0.615638512,-0.04831815,20.52851289,70.32458266,1.343065498,63.3793079,0.431449025,614.3436138,12,12,12,31.0016259,16.52482742,29.48772323,15.90918891,ANNUAL,Annual
Brisbane,2017,1.784186232,0.474342339,-0.061776714,20.63952554,70.07786922,1.530395966,78.45602139,0.40547719,597.0414517,12,12,12,30.83806308,16.55052307,29.05387684,16.07618073,ANNUAL,Annual
Brisbane,2018,1.763192481,0.50492904,-0.056077501,20.14692507,70.04270569,1.494680366,69.82417505,0.394423164,611.7830787,12,12,12,30.37564293,16.21606091,28.61245045,15.71113187,ANNUAL,Annual
Brisbane,2019,1.245351786,0.610539828,-0.045842281,20.61467014,68.05636765,1.523283264,53.40358992,0.375103043,633.2072691,12,12,12,31.52568191,16.46676221,30.28033013,15.85622238,ANNUAL,Annual
Brisbane,2020,1.49962587,0.563319325,-0.059355964,20.41593013,71.67088526,1.468308426,96.15086543,0.46307012,596.1437302,12,12,12,30.96234709,16.45637468,29.46272122,15.89305536,ANNUAL,Annual
Brisbane,2021,2.000068347,0.457431889,-0.058768291,19.80951917,73.67644953,1.253214167,120.5095775,0.462672951,560.9502951,12,12,12,29.89570643,15.55756593,27.89563808,15.10013404,ANNUAL,Annual
Brisbane,2022,1.984528425,0.537472938,-0.063202501,19.60989295,74.92569705,1.428009865,139.4880439,0.510343544,588.9607499,12,12,12,28.53679454,15.57276476,26.55226612,15.03529182,ANNUAL,Annual
Brisbane,2023,1.642488219,0.553530634,-0.053106893,20.2480397,70.79183144,1.266075248,54.60077855,0.419946387,594.9394155,12,12,12,30.26317981,16.28155295,28.62069159,15.72802232,ANNUAL,Annual
Brisbane,2024,1.808598181,0.547745928,-0.072683624,20.65907235,77.04814831,1.520386792,104.7372355,0.482851764,542.3051414,12,12,12,28.19523541,16.58952032,26.38663723,16.04177439,ANNUAL,Annual
Brisbane,2025,1.584809362,0.553686494,-0.077154303,20.47722826,74.68225085,1.55932899,113.1187761,0.454085286,583.2877514,12,12,12,27.08372545,16.87393022,25.49891608,16.32024372,ANNUAL,Annual
Melbourne,2003,0.059212717,1.09748492,-0.067433162,14.05470002,70.54292762,1.881016167,56.73514206,0.542174202,661.5119838,12,12,12,24.4022133,9.190329461,24.34300058,8.092844541,ANNUAL,Annual
Melbourne,2004,0.445731447,1.157731618,-0.066604994,13.9036177,70.28552815,1.941024847,60.64133391,0.576297429,665.9342943,12,12,12,24.06904759,8.802140444,23.62331615,7.644408826,ANNUAL,Annual
Melbourne,2005,0.548149246,1.135781336,-0.06884672,14.59216989,68.85580533,1.646963509,58.65953981,0.54804499,662.8517374,12,12,12,24.40241431,9.542951029,23.85426506,8.407169693,ANNUAL,Annual
Melbourne,2006,-0.160251254,1.175655887,-0.063540443,13.99789509,67.41719044,1.577915373,39.62003087,0.523001394,656.2606787,12,12,12,25.0217434,8.888363929,25.18199466,7.712708042,ANNUAL,Annual
Melbourne,2007,-0.181802224,0.775078287,-0.056666509,15.09350649,67.51762945,1.699111377,59.64054587,0.530033325,674.7305809,12,12,12,25.38287129,9.817477886,25.56467352,9.042399599,ANNUAL,Annual
Melbourne,2008,-0.249471353,1.1319636,-0.055288474,14.2185272,67.05881535,1.688359755,49.64911051,0.549048258,678.9116692,12,12,12,24.83392924,9.019009213,25.08340059,7.887045613,ANNUAL,Annual
Melbourne,2009,-0.031543997,1.420476114,-0.054346969,14.69010064,67.30404908,1.867627283,44.74249075,0.524026018,666.6052214,12,12,12,25.39324758,9.574576591,25.42479157,8.154100476,ANNUAL,Annual
Melbourne,2010,1.216078547,0.891597374,-0.10030891,14.36733431,72.66403244,1.403409361,76.041389,0.57871663,628.5960058,12,12,12,24.07850563,9.502969804,22.86242709,8.61137243,ANNUAL,Annual
Melbourne,2011,1.744859923,1.046180564,-0.106254959,14.34573811,73.2713901,1.364768128,72.98509494,0.588346319,622.1972533,12,12,12,23.80845074,9.351848831,22.06359081,8.305668268,ANNUAL,Annual
Melbourne,2012,1.319935682,1.302755066,-0.096904966,14.41785591,70.1435049,1.489726717,60.99994081,0.583002103,683.5991345,12,12,12,24.11640092,9.200871809,22.79646524,7.898116743,ANNUAL,Annual
Melbourne,2013,1.029938392,0.978923999,-0.08120908,14.89349888,68.55267032,1.918003628,57.49198018,0.569317586,671.8597795,12,12,12,24.61873681,9.672658441,23.58879842,8.693734443,ANNUAL,Annual
Melbourne,2014,0.762676768,1.313319971,-0.087610999,15.00921092,69.84788181,1.483093982,51.90526084,0.570620645,636.1245035,12,12,12,25.26733279,9.50901314,24.50465602,8.195693169,ANNUAL,Annual
Melbourne,2015,0.342407194,1.245714395,-0.068111718,14.58849455,69.1163441,1.490280014,43.56431142,0.568124339,662.4926826,12,12,12,25.07406782,9.373923333,24.73166063,8.128208938,ANNUAL,Annual
Melbourne,2016,1.014403007,0.998983151,-0.09556776,14.76847277,70.71484857,2.085661698,68.15941505,0.636102234,699.7728912,12,12,12,24.63975847,9.722411168,23.62535547,8.723428018,ANNUAL,Annual
Melbourne,2017,1.100825658,1.34614915,-0.087243701,14.78702381,69.57922328,1.680223829,63.6523216,0.561181507,638.7700761,12,12,12,25.10871477,9.988531811,24.00788911,8.642382661,ANNUAL,Annual
Melbourne,2018,0.780947983,1.312425073,-0.075310398,14.88175626,66.79161578,1.625773053,47.59351129,0.564786793,687.2895494,12,12,12,25.5314193,9.666830263,24.75047131,8.354405189,ANNUAL,Annual
Melbourne,2019,0.619945025,1.29741338,-0.080980803,14.79804934,67.30668501,1.885358065,50.18473326,0.561795157,696.3199371,12,12,12,25.83872401,9.618738641,25.21877898,8.321325262,ANNUAL,Annual
Melbourne,2020,1.65899919,1.150839556,-0.104812127,14.19702619,72.81604412,1.53718049,72.03500494,0.645304292,663.4915256,12,12,12,24.35610728,9.530776833,22.69710809,8.379937276,ANNUAL,Annual
Melbourne,2021,1.673575912,1.252758994,-0.092261979,14.08736607,72.1278144,1.834087185,68.4316665,0.625321522,673.0806675,12,12,12,24.47427087,9.1828841,22.80069496,7.930125105,ANNUAL,Annual
Melbourne,2022,1.777246519,1.011662158,-0.092631457,14.45667622,74.84773875,1.538237496,82.12951966,0.622617995,634.6285138,12,12,12,24.11794037,9.82593988,22.34069385,8.814277722,ANNUAL,Annual
Melbourne,2023,1.38416818,1.251853978,-0.09182459,14.61307027,72.12203922,2.0212222,62.14241343,0.620183759,665.1892596,12,12,12,24.0460385,9.781267283,22.66187032,8.529413305,ANNUAL,Annual
Melbourne,2024,1.188018304,1.145105843,-0.09058711,14.82975063,70.73527346,1.471983754,51.50662647,0.587536023,656.9826804,12,12,12,23.55100214,10.17834935,22.36298383,9.033243504,ANNUAL,Annual
Melbourne,2025,0.735582178,1.189304733,-0.065900043,14.81097398,67.77423975,1.845834051,48.01830506,0.56630269,686.9160427,12,12,12,22.16131216,9.786779133,21.42572999,8.5974744,ANNUAL,Annual
Perth,2003,0.239445606,0.717113068,-0.043397613,18.46279714,64.3741304,1.89972834,51.04213878,0.386035842,675.9376665,12,12,12,28.459864,13.21471187,28.22041839,12.4975988,ANNUAL,Annual
Perth,2004,0.207261361,0.685615831,-0.040371629,18.24876408,64.07198685,1.902140831,44.53942189,0.365398525,678.5799209,12,12,12,28.32526007,12.82656244,28.11799871,12.1409466,ANNUAL,Annual
Perth,2005,0.275961611,0.759758539,-0.045702738,17.58879305,66.97626921,2.237724965,52.76446574,0.421601303,654.2502802,12,12,12,27.51192576,12.45145122,27.23596415,11.69169268,ANNUAL,Annual
Perth,2006,0.050990331,0.847975354,-0.033695035,18.33233489,62.85958548,2.173023208,39.83244865,0.332896049,650.0592292,12,12,12,28.63117761,13.04033948,28.58018728,12.19236412,ANNUAL,Annual
Perth,2007,0.043629512,0.745363356,-0.038581593,18.11910817,63.64168699,2.223965585,45.73701489,0.373147506,700.5934046,12,12,12,28.43215113,12.77381841,28.38852162,12.02845506,ANNUAL,Annual
Perth,2008,0.326541481,0.527747526,-0.04866202,18.14797883,64.15119841,2.258165538,60.09931731,0.366428243,667.5457187,12,12,12,27.87132512,13.03295449,27.54478363,12.50520696,ANNUAL,Annual
Perth,2009,0.09322286,0.685500497,-0.042261341,18.54859014,61.59762838,2.446758534,46.28338518,0.373070632,672.9767034,12,12,12,28.6598625,13.16082102,28.56663964,12.47532052,ANNUAL,Annual
Perth,2010,-0.04234242,0.779462946,-0.041376658,18.66767597,58.91411566,2.140028134,28.34599319,0.328363278,618.7162739,12,12,12,29.45695034,13.18143782,29.49929276,12.40197488,ANNUAL,Annual
Perth,2011,0.024380391,0.959431029,-0.04307781,19.44414756,62.05468542,1.96863038,61.34162713,0.355551499,705.0185932,12,12,12,29.06318553,14.11803778,29.03880514,13.15860675,ANNUAL,Annual
Perth,2012,0.25791818,1.123279552,-0.053850704,18.8628123,61.89324945,1.762700754,44.66135217,0.370848231,654.328689,12,12,12,28.5935235,13.28686883,28.33560532,12.16358928,ANNUAL,Annual
Perth,2013,0.352888884,0.692148602,-0.057802405,18.97729705,64.3579196,1.985315289,48.28086429,0.38493788,651.8464645,12,12,12,28.74740405,13.54270449,28.39451517,12.85055589,ANNUAL,Annual
Perth,2014,0.30146688,0.791529178,-0.061236621,18.8563461,64.26923595,2.171210821,45.00345402,0.378810258,634.6707947,12,12,12,28.891067,13.63945592,28.58960012,12.84792674,ANNUAL,Annual
Perth,2015,0.086445984,0.75252252,-0.052229143,18.83782951,62.68500917,2.00146245,40.19679136,0.35707227,609.2438032,12,12,12,29.07814015,13.79466563,28.99169417,13.04214311,ANNUAL,Annual
Perth,2016,0.205096601,0.525687889,-0.05180651,17.77738061,65.08419571,1.792845722,49.87076001,0.413689966,677.7629609,12,12,12,27.84558279,12.74546257,27.64048618,12.21977469,ANNUAL,Annual
Perth,2017,0.306970911,0.517847452,-0.052694782,18.30452623,64.16203321,2.121584139,61.90874723,0.360299656,636.9330009,12,12,12,28.74106679,13.42992842,28.43409588,12.91208097,ANNUAL,Annual
Perth,2018,0.285067599,0.740546917,-0.054232462,18.09614482,65.79018093,2.224087128,55.54326923,0.378277202,648.6187279,12,12,12,28.33123233,13.09135306,28.04616473,12.35080614,ANNUAL,Annual
Perth,2019,0.116723219,0.763162547,-0.048603697,18.55046713,61.80379522,1.964667092,38.68436024,0.345407993,594.4140995,12,12,12,29.44754875,13.47893807,29.33082553,12.71577553,ANNUAL,Annual
Perth,2020,0.177158225,0.707703166,-0.050447142,18.74052786,62.7282643,1.788748596,45.82307556,0.406986847,675.2304951,12,12,12,28.6838475,13.6323627,28.50668928,12.92465953,ANNUAL,Annual
Perth,2021,0.359054394,0.792757662,-0.055174461,18.47998841,63.4171261,2.043739885,61.19573721,0.408578896,671.4535655,12,12,12,28.37918583,13.38644773,28.02013143,12.59369007,ANNUAL,Annual
Perth,2022,0.430028055,0.861595034,-0.060395179,18.46579704,62.97589703,2.01546196,48.00161393,0.355561452,678.0863627,12,12,12,28.39568386,13.64408358,27.9656558,12.78248854,ANNUAL,Annual
Perth,2023,0.26049839,0.568682423,-0.056122019,18.83370565,62.11525554,2.186747328,32.44276225,0.357672894,641.4631367,12,12,12,28.17783112,14.03883293,27.91733273,13.4701505,ANNUAL,Annual
Perth,2024,0.138399268,0.928872998,-0.052525221,19.53005356,60.84694289,2.433015132,46.78093888,0.365952478,666.6093091,12,12,12,28.02573893,14.49986181,27.88733966,13.57098881,ANNUAL,Annual
Perth,2025,0.230067697,0.728223461,-0.058123514,18.83901869,63.67864435,1.863041213,53.07419559,0.33672289,644.5930213,12,12,12,25.81517744,13.96028047,25.58510974,13.23205701,ANNUAL,Annual
Sydney,2003,0.857548134,0.898190871,-0.071030459,17.16329365,69.78065026,1.527763759,69.51292219,0.456601484,627.4000274,12,12,12,27.2082359,12.36537755,26.35068776,11.46718668,ANNUAL,Annual
Sydney,2004,0.827150492,0.977967347,-0.061325411,17.51871277,66.85906736,1.2765424,57.46791157,0.436646764,616.4224678,12,12,12,27.76083592,13.02652725,26.93368543,12.04855991,ANNUAL,Annual
Sydney,2005,1.080224622,1.04075085,-0.06064976,17.63432187,69.42739515,1.218332677,63.10371706,0.43662648,599.1961855,12,12,12,28.12499201,13.02309849,27.04476739,11.98234764,ANNUAL,Annual
Sydney,2006,0.583403922,0.912684267,-0.052042165,17.49825705,67.41737333,1.485553261,51.62648785,0.447603389,627.1386826,12,12,12,28.15308754,12.76739121,27.56968362,11.85470694,ANNUAL,Annual
Sydney,2007,1.590166953,0.901269648,-0.086559909,17.60185783,71.04350881,1.468624296,81.77273867,0.454832804,592.0849143,12,12,12,27.65740957,13.32745526,26.06724262,12.42618561,ANNUAL,Annual
Sydney,2008,1.878321871,0.974714721,-0.078459776,16.86347013,70.31369118,1.298043123,71.20871283,0.48622599,626.4503099,12,12,12,26.36344397,12.18603603,24.4851221,11.21132131,ANNUAL,Annual
Sydney,2009,1.192868365,1.019143089,-0.069443039,17.79623704,67.86842097,1.559772693,53.63719015,0.460160081,639.420805,12,12,12,27.82300258,13.14334057,26.63013421,12.12419748,ANNUAL,Annual
Sydney,2010,1.500780888,0.788196353,-0.075498856,17.48369325,72.04919333,1.295385894,82.89344143,0.503697872,589.5497751,12,12,12,27.20845761,13.20747307,25.70767673,12.41927671,ANNUAL,Annual
Sydney,2011,1.609423176,1.149598531,-0.080937401,17.19854048,71.59388181,1.490925915,70.67528254,0.525487253,614.1371957,12,12,12,27.13298044,12.42789971,25.52355726,11.27830118,ANNUAL,Annual
Sydney,2012,1.789434521,0.941930623,-0.076075632,16.95100331,70.53077165,1.367826,66.19972274,0.478223451,596.4293016,12,12,12,26.8342536,12.27119094,25.04481907,11.32926032,ANNUAL,Annual
Sydney,2013,1.517050966,1.011639972,-0.077460959,17.75401661,68.45752703,1.385645357,79.65474604,0.438400777,610.1686867,12,12,12,28.14739639,13.28835453,26.63034542,12.27671455,ANNUAL,Annual
Sydney,2014,1.316627092,0.94823502,-0.070997492,17.73419028,70.33715288,1.471207089,65.73558742,0.470008792,586.7611563,12,12,12,28.21524301,13.1703799,26.89861591,12.22214488,ANNUAL,Annual
Sydney,2015,1.665883607,0.898360624,-0.072189439,17.53104656,71.49948478,1.501613115,81.95413977,0.47495523,576.7193712,12,12,12,27.6850465,12.88208914,26.01916289,11.98372851,ANNUAL,Annual
Sydney,2016,1.496463275,1.080006198,-0.060217172,18.16468582,68.54563932,1.349204713,77.36581991,0.463155831,600.8691157,12,12,12,28.23626279,13.52134686,26.73979951,12.44134066,ANNUAL,Annual
Sydney,2017,1.119581304,0.812539809,-0.065574475,18.02855239,68.36017413,1.645152133,66.72216519,0.458291784,612.1428141,12,12,12,28.36075232,13.51773834,27.24117102,12.70519853,ANNUAL,Annual
Sydney,2018,0.535457986,1.231677648,-0.045124783,17.87670214,66.49182525,1.368373,47.84413346,0.433535264,627.4524393,12,12,12,28.76015156,13.43872538,28.22469357,12.20704773,ANNUAL,Annual
Sydney,2019,1.060565071,0.828835313,-0.064888695,18.10148657,66.21304229,1.170932456,49.1279765,0.408212205,595.3426844,12,12,12,28.68964358,13.63504406,27.62907851,12.80620875,ANNUAL,Annual
Sydney,2020,1.745237743,0.864442101,-0.078004681,17.59892549,71.87687446,1.423623506,107.8112231,0.530952084,573.5514854,12,12,12,27.78325813,13.04236801,26.03802039,12.1779259,ANNUAL,Annual
Sydney,2021,1.845567347,1.003553017,-0.06997555,17.02032514,71.09562112,1.314145863,85.84787755,0.498501463,591.6796432,12,12,12,27.37694665,12.62778007,25.53137931,11.62422705,ANNUAL,Annual
Sydney,2022,1.964526198,0.94915741,-0.081067334,17.10345353,74.05044712,1.432927744,126.2716965,0.548637146,602.1258315,12,12,12,26.36328559,12.43273767,24.39875939,11.48358026,ANNUAL,Annual
Sydney,2023,1.192685048,0.888848794,-0.058623586,17.7280581,69.61390561,1.197898874,62.57766386,0.420468878,566.8909312,12,12,12,27.39970283,13.41407063,26.20701778,12.52522183,ANNUAL,Annual
Sydney,2024,1.362162823,1.232553175,-0.073564972,18.10087187,72.39953995,1.466608587,74.74142431,0.525088752,555.6953577,12,12,12,26.60619774,13.89528386,25.24403492,12.66273069,ANNUAL,Annual
Sydney,2025,1.20642336,0.571295804,-0.075951343,18.09528583,69.5355458,1.439602506,84.70003093,0.509413928,616.716217,12,12,12,24.90687815,13.7779074,23.70045479,13.2066116,ANNUAL,Annual
Adelaide,2004,2.256890525,0.880961205,-0.030245901,20.13604552,55.09681382,2.272550931,19.32102547,0.344129995,662.2637761,3,3,3,38.12846006,15.96754529,35.87156953,15.08658408,Summer,Summer
Adelaide,2005,2.683274293,1.031620723,-0.024428158,19.66850197,56.53437143,2.274001528,27.2642566,0.406179265,719.7753391,3,3,3,37.65838298,15.69426014,34.97510869,14.66263942,Summer,Summer
Adelaide,2006,2.996993957,1.16284568,-0.038782509,20.33118265,57.57688714,2.812743195,27.27027719,0.394789885,669.2046266,3,3,3,37.62049986,16.95079908,34.6235059,15.7879534,Summer,Summer
Adelaide,2007,1.758226749,0.64501657,-0.023254147,21.23001901,52.23408843,2.176483927,39.92658505,0.34887983,706.262595,3,3,3,39.31162506,17.2339207,37.55339831,16.58890413,Summer,Summer
Adelaide,2008,2.18982359,1.144082896,-0.040626751,20.24147835,52.51175055,2.796010338,19.35454503,0.332871432,729.0425247,3,3,3,39.13523176,16.54595274,36.94540817,15.40186984,Summer,Summer
Adelaide,2009,2.354246829,0.646210584,-0.032623131,20.64178714,52.15409024,2.237951542,21.73967186,0.325493095,699.26302,3,3,3,38.66236325,16.97084271,36.30811642,16.32463212,Summer,Summer
Adelaide,2010,2.678946037,1.257946509,-0.03687522,21.32218382,51.99000157,2.288146711,11.42818851,0.338492226,678.0214916,3,3,3,38.95981166,17.17473936,36.28086562,15.91679285,Summer,Summer
Adelaide,2011,3.252231576,1.126137465,-0.032584513,20.4560437,59.74270672,2.048457908,49.76940927,0.43465754,616.6256634,3,3,3,36.96286644,15.79819792,33.71063486,14.67206046,Summer,Summer
Adelaide,2012,2.68074256,1.372140513,-0.037971069,20.57013932,55.4022758,2.355370959,31.36115569,0.418175839,715.2786426,3,3,3,38.08876299,16.95218738,35.40802043,15.58004687,Summer,Summer
Adelaide,2013,2.296027792,0.947986312,-0.032125834,20.82620721,53.12700818,2.293907779,12.70707627,0.334327012,697.4638036,3,3,3,39.02548834,16.80875416,36.72946055,15.86076785,Summer,Summer
Adelaide,2014,2.357077972,2.219150862,-0.031380841,21.07561517,51.88146039,2.194275282,28.84986806,0.36768493,654.5419227,3,3,3,38.8382793,16.7348307,36.48120133,14.51567983,Summer,Summer
Adelaide,2015,2.209902361,1.433850888,-0.030153065,20.43736251,56.86728441,2.562227218,23.30504036,0.372806892,677.1550359,3,3,3,37.50858487,16.15801812,35.29868251,14.72416723,Summer,Summer
Adelaide,2016,2.213204504,1.228307875,-0.031768178,21.39631969,53.11684899,2.242053033,20.22975519,0.378559919,677.7888266,3,3,3,39.62745819,17.28006986,37.41425369,16.05176199,Summer,Summer
Adelaide,2017,3.387578041,1.227712362,-0.045039624,20.44191694,58.83386589,1.560312879,44.58254911,0.400190768,636.1987903,3,3,3,37.76194176,17.33738342,34.37436372,16.10967106,Summer,Summer
Adelaide,2018,2.53890872,1.501858014,-0.033604146,21.11128522,53.90524352,2.204773055,11.88427163,0.412959699,663.8015608,3,3,3,38.15976605,17.43289195,35.62085733,15.93103394,Summer,Summer
Adelaide,2019,2.278494079,0.782272499,-0.033506458,21.67103071,51.30446624,2.306313047,10.98410729,0.378705008,650.3910884,3,3,3,40.42720079,18.52856555,38.14870671,17.74629305,Summer,Summer
Adelaide,2020,2.329373727,1.301883048,-0.027662117,20.46045693,54.27687159,2.462352085,17.58468962,0.380770195,664.5510922,3,3,3,39.34355758,16.94904435,37.01418385,15.6471613,Summer,Summer
Adelaide,2021,2.876758651,0.954434974,-0.033144894,19.41520747,54.79116762,2.437743368,19.89100136,0.419942722,756.4508178,3,3,3,37.68441059,15.48094655,34.80765194,14.52651157,Summer,Summer
Adelaide,2022,2.785608096,1.392725203,-0.02848443,20.10278692,59.15786888,2.602650507,29.11733404,0.385604664,665.6780898,3,3,3,37.7505343,17.04236017,34.96492621,15.64963497,Summer,Summer
Adelaide,2023,3.372915048,0.79031923,-0.041948057,20.04815501,55.9177946,2.408270499,17.38207985,0.324338828,676.0874746,3,3,3,37.63147753,17.21524758,34.25856248,16.42492835,Summer,Summer
Adelaide,2024,3.02970135,0.730507817,-0.032632226,19.96595656,61.69530927,2.520901911,41.10109393,0.405762329,562.0934096,3,3,3,36.17220762,16.35997437,33.14250627,15.62946655,Summer,Summer
Adelaide,2025,2.064950354,0.796702134,-0.026294652,21.43214356,52.47388618,2.345476959,5.967197475,0.293240108,677.2909168,3,3,3,36.78272108,17.97967678,34.71777072,17.18297465,Summer,Summer
Adelaide,2026,2.970485924,1.052127905,-0.038825342,19.29398149,51.09135804,2.135105776,6.313671503,0.316086209,672.0245768,1,1,1,34.37536884,15.58647305,31.40488292,14.53434515,Summer,Summer
Brisbane,2004,1.647904578,0.821516507,-0.038409556,24.9632118,75.22669786,1.314957754,137.8062953,0.537461801,654.4520486,3,3,3,36.28027922,20.66944085,34.63237464,19.84792434,Summer,Summer
Brisbane,2005,1.709307469,1.144891965,-0.059578306,24.21802587,74.41572687,1.663978118,85.70298809,0.469480891,689.4049248,3,3,3,35.31427698,20.46419451,33.60496951,19.31930255,Summer,Summer
Brisbane,2006,1.897414724,0.918046534,-0.047393725,25.36401952,74.83122684,1.877276037,81.99812588,0.456594849,649.2097052,3,3,3,36.5083766,21.53922709,34.61096187,20.62118055,Summer,Summer
Brisbane,2007,1.119487238,0.795940937,-0.029309756,23.36489646,72.90735045,2.348238926,65.90694361,0.560805366,715.0720199,3,3,3,35.98479054,19.34150303,34.8653033,18.54556209,Summer,Summer
Brisbane,2008,2.280895284,0.61377523,-0.051954965,23.530877,77.59933486,2.332840542,140.1716456,0.672995781,688.690976,3,3,3,34.3488438,18.8762642,32.06794852,18.26248897,Summer,Summer
Brisbane,2009,2.234257181,1.062401753,-0.048099729,24.30370403,74.07537232,1.87588202,112.2210294,0.569204436,690.2294172,3,3,3,35.42907444,20.79156225,33.19481726,19.72916049,Summer,Summer
Brisbane,2010,2.052257137,0.932056974,-0.052530182,24.80871607,74.1278116,2.054594476,106.3781788,0.55228032,663.6234784,3,3,3,36.83771254,20.94394832,34.7854554,20.01189134,Summer,Summer
Brisbane,2011,2.510776297,0.695123124,-0.062106991,23.98433779,78.51304504,1.958062432,279.7732516,0.593824609,629.5283456,3,3,3,33.67395807,19.63920545,31.16318178,18.94408233,Summer,Summer
Brisbane,2012,2.378645244,0.73269576,-0.055543494,23.25370949,74.82239012,2.151097948,213.8606643,0.623348303,688.1479213,3,3,3,35.06218782,19.33471409,32.68354257,18.60201833,Summer,Summer
Brisbane,2013,2.053945348,0.709934696,-0.054150783,24.26059489,72.0348142,2.119654559,194.2217716,0.567559978,744.4303387,3,3,3,36.76451414,19.10066659,34.71056879,18.39073189,Summer,Summer
Brisbane,2014,1.944718354,1.184885246,-0.056062943,24.05033346,69.73410043,2.084064404,38.24156833,0.492463043,752.5631846,3,3,3,37.0311482,19.4904863,35.08642985,18.30560106,Summer,Summer
Brisbane,2015,2.074436096,1.204405258,-0.046463452,24.33224647,76.25572559,2.066865666,182.4564791,0.553198567,674.8759054,3,3,3,35.99260059,20.84471094,33.9181645,19.64030569,Summer,Summer
Brisbane,2016,2.01475877,0.808815813,-0.049462806,24.0797324,72.26721899,1.827703069,105.1611167,0.483686439,722.128742,3,3,3,36.43137211,20.0302286,34.41661334,19.22141279,Summer,Summer
Brisbane,2017,2.041776953,1.276264652,-0.06059496,25.34652637,70.87040157,1.976470056,57.09469536,0.480545991,725.5314274,3,3,3,37.77546695,21.31448901,35.73368999,20.03822436,Summer,Summer
Brisbane,2018,2.50062429,0.985745535,-0.068839246,24.4767501,73.33831762,1.616637374,111.8513088,0.46133748,665.4122193,3,3,3,36.91270189,21.07267853,34.41207759,20.086933,Summer,Summer
Brisbane,2019,1.901950434,0.881407545,-0.049187021,24.88706335,69.50482734,2.613086492,58.21875489,0.489627053,814.0273651,3,3,3,37.22332463,20.59178468,35.3213742,19.71037714,Summer,Summer
Brisbane,2020,1.472336734,1.01718901,-0.044552155,25.2020823,73.58070886,1.754565112,196.0965812,0.531459147,634.3445108,3,3,3,37.93796504,21.41336811,36.4656283,20.3961791,Summer,Summer
Brisbane,2021,2.161289754,0.588547354,-0.057698486,24.24542053,75.42789441,1.920381825,132.3438271,0.588579569,682.0078784,3,3,3,36.27537002,19.27878659,34.11408026,18.69023924,Summer,Summer
Brisbane,2022,2.735635374,0.774240655,-0.065131563,23.7248921,77.43059194,2.223115131,228.3257624,0.553260131,679.0970465,3,3,3,34.37167019,18.85189614,31.63603481,18.07765549,Summer,Summer
Brisbane,2023,2.32565589,0.733961258,-0.064945622,23.64772059,72.66043798,1.890423333,73.44315135,0.534889549,698.1332151,3,3,3,35.11743316,19.53801582,32.79177727,18.80405456,Summer,Summer
Brisbane,2024,2.475068516,1.106955511,-0.076249821,25.42977293,78.29778206,1.801702711,155.6083553,0.587308405,616.3519256,3,3,3,35.17291842,21.19563291,32.6978499,20.0886774,Summer,Summer
Brisbane,2025,2.362351063,0.809596665,-0.084046005,24.67661896,76.99220464,1.935094012,95.15934725,0.530941816,660.3560264,3,3,3,33.05584513,20.49814227,30.69349407,19.6885456,Summer,Summer
Brisbane,2026,2.23352637,1.090851245,-0.07303183,23.96654412,72.0319279,1.16629792,76.06414207,0.477810809,699.6936667,1,1,1,33.34646399,20.45782281,31.11293762,19.36697156,Summer,Summer
Melbourne,2004,-0.493132673,1.398068405,-0.014065728,18.14170196,63.67896156,1.725203826,40.19983417,0.492031025,711.9845308,3,3,3,35.27699795,13.07269687,35.77013062,11.67462847,Summer,Summer
Melbourne,2005,1.172008238,1.308641177,-0.037566772,17.91843862,66.36642785,1.731145362,75.63648073,0.5649256,716.8140659,3,3,3,33.85942235,12.81515715,32.68741411,11.50651597,Summer,Summer
Melbourne,2006,-0.006675022,1.077069076,-0.01417274,19.15739367,61.16429168,1.880843056,48.19818116,0.477674116,762.8370446,3,3,3,35.25835616,14.42500935,35.26503119,13.34794028,Summer,Summer
Melbourne,2007,-1.057950847,1.311621761,-0.008854273,19.77460492,57.60589773,1.637606392,45.46875973,0.495435797,774.9342999,3,3,3,36.56858529,13.99518675,37.62653614,12.68356499,Summer,Summer
Melbourne,2008,-0.409940877,0.790721545,-0.018308914,19.19857299,61.66458872,1.793379619,62.19005298,0.481488263,757.9450029,3,3,3,36.25023215,14.31164651,36.66017303,13.52092496,Summer,Summer
Melbourne,2009,-0.795030915,1.911294176,-0.019358908,18.7471294,57.53806654,2.098427155,36.93851761,0.4779737,807.1768516,3,3,3,36.36035482,13.62112732,37.15538574,11.70983314,Summer,Summer
Melbourne,2010,0.22428275,1.64372343,-0.034473299,19.53057937,60.34063955,1.721565773,54.65487405,0.477298258,739.7452568,3,3,3,35.65654936,14.47512352,35.43226661,12.8314001,Summer,Summer
Melbourne,2011,2.828404519,0.999932828,-0.080923905,18.51874951,71.20457563,1.166686946,101.8309376,0.60191786,672.0685616,3,3,3,32.2215152,13.30882287,29.39311068,12.30889004,Summer,Summer
Melbourne,2012,2.083589117,1.575376553,-0.058633597,19.32502239,64.01214772,1.383503287,70.48120307,0.519566897,770.1698126,3,3,3,34.50475488,14.49131784,32.42116576,12.91594128,Summer,Summer
Melbourne,2013,0.68390943,1.730545365,-0.033609484,19.61197119,58.38263607,1.946749369,38.22152348,0.450489156,787.470725,3,3,3,36.17337782,14.37348125,35.48946839,12.64293589,Summer,Summer
Melbourne,2014,1.143902339,1.606048692,-0.047713851,19.51144321,59.07434497,1.565118248,35.04550132,0.487457192,739.5278816,3,3,3,35.69738626,13.80250605,34.55348392,12.19645736,Summer,Summer
Melbourne,2015,0.588733244,1.444631075,-0.02800186,19.23619685,65.00508005,1.739909763,52.4989118,0.540798309,733.9260899,3,3,3,34.58543808,14.36951616,33.99670484,12.92488509,Summer,Summer
Melbourne,2016,-0.370760078,1.192481365,-0.019676527,19.8526266,61.01682233,1.759986855,44.93519297,0.536954434,734.1973551,3,3,3,37.41604849,15.01779958,37.78680856,13.82531821,Summer,Summer
Melbourne,2017,1.458949165,1.142532627,-0.044093566,19.28643764,60.0815549,1.354411795,43.99392454,0.513223882,768.0407287,3,3,3,35.01639434,14.65217681,33.55744518,13.50964419,Summer,Summer
Melbourne,2018,1.173020745,1.83860405,-0.046021466,19.89098963,61.89701618,1.574910959,71.86805509,0.542682227,723.9491591,3,3,3,35.58677266,15.13809275,34.41375192,13.29948869,Summer,Summer
Melbourne,2019,0.693120186,1.283162791,-0.046030706,20.36270855,60.2349236,1.52417603,36.49035459,0.502521249,697.1186896,3,3,3,37.5226776,15.67918139,36.82955741,14.3960186,Summer,Summer
Melbourne,2020,1.226574156,1.561406289,-0.042789756,18.74697582,65.26439505,1.968902347,64.82225915,0.589439476,727.3110046,3,3,3,35.55062387,14.32830312,34.32404972,12.76689683,Summer,Summer
Melbourne,2021,1.907644277,1.420545898,-0.050994056,18.08093553,64.72452275,1.651446267,67.77652329,0.605473374,766.5041267,3,3,3,34.64614191,13.24893782,32.73849764,11.82839192,Summer,Summer
Melbourne,2022,1.853448224,1.649218679,-0.059682465,19.65554148,64.24068684,1.873498211,60.12958456,0.527197552,726.3795279,3,3,3,36.12400758,15.59239708,34.27055935,13.9431784,Summer,Summer
Melbourne,2023,2.375782887,1.324246879,-0.073132618,18.75932398,65.03959437,1.664575293,43.58354756,0.526414156,727.1971827,3,3,3,34.53388863,14.61595915,32.15810574,13.29171227,Summer,Summer
Melbourne,2024,2.22124818,1.266052064,-0.073054153,19.12149715,69.07471967,1.660245947,75.96790739,0.582465699,698.5718473,3,3,3,33.42572826,14.64951557,31.20448008,13.3834635,Summer,Summer
Melbourne,2025,0.687079891,1.175294618,-0.035520518,20.20356694,59.72786535,1.821222069,29.55145698,0.512320711,810.3582934,3,3,3,33.67296185,15.46347602,32.98588196,14.2881814,Summer,Summer
Melbourne,2026,2.010276288,1.824909904,-0.100029431,17.14381503,60.33076695,1.934034628,37.06103883,0.592143665,790.7025578,1,1,1,30.31021572,12.29012914,28.29993943,10.46521924,Summer,Summer
Perth,2004,-0.454653666,1.341096836,-0.024496755,23.49390012,55.515652,3.320205534,6.507041404,0.178641142,681.9514232,3,3,3,38.41152565,18.39685329,38.86617931,17.05575645,Summer,Summer
Perth,2005,-0.567781955,0.863440619,-0.023093141,22.84415801,53.0357767,3.220919686,2.217977063,0.258212026,685.0437212,3,3,3,38.31246948,17.71520237,38.88025143,16.85176175,Summer,Summer
Perth,2006,-0.137298482,0.876549891,-0.017528898,21.52789262,59.34487353,3.544780373,36.76340138,0.282208268,734.4489332,3,3,3,36.25171217,17.2097913,36.38901065,16.33324141,Summer,Summer
Perth,2007,-0.919440971,1.16312026,-0.013411557,22.81845042,54.75899091,2.694630543,20.58171057,0.318533549,708.9319725,3,3,3,38.55889177,17.69593883,39.47833274,16.53281857,Summer,Summer
Perth,2008,-0.531198825,0.769839159,-0.020901624,23.73286499,50.8370668,3.50538089,27.23847226,0.273225863,787.9820603,3,3,3,38.27955073,19.10114064,38.81074955,18.33130148,Summer,Summer
Perth,2009,-0.328508214,0.85593038,-0.029336081,23.2588764,54.48518156,3.594897878,14.51963722,0.215787032,694.7555049,3,3,3,37.99248424,18.59363175,38.32099246,17.73770137,Summer,Summer
Perth,2010,-0.439956841,1.147123623,-0.029544722,24.46266854,48.01640978,3.385634416,1.029999417,0.258336494,664.5723618,3,3,3,39.42936912,19.0742464,39.86932596,17.92712278,Summer,Summer
Perth,2011,-0.957330575,0.933953447,-0.02109851,24.91823682,51.29495052,3.420026128,17.73264776,0.259297608,768.5517948,3,3,3,39.32453243,20.08128267,40.281863,19.14732923,Summer,Summer
Perth,2012,-0.061363349,1.337525833,-0.038499972,24.39715163,53.75343256,2.971246772,44.09844388,0.332900227,775.5171951,3,3,3,37.85649217,19.72527454,37.91785551,18.3877487,Summer,Summer
Perth,2013,-0.392152148,1.216383512,-0.033446182,24.55091366,51.58791956,2.601856441,16.16085326,0.283732596,699.2477164,3,3,3,38.75350063,18.81537889,39.14565277,17.59899538,Summer,Summer
Perth,2014,-0.345468423,1.090088011,-0.043035553,24.14324653,49.13228938,3.414384729,3.771961727,0.159711919,735.4514604,3,3,3,39.34763527,19.42581073,39.69310369,18.33572272,Summer,Summer
Perth,2015,-0.363550671,0.822929848,-0.038264803,23.7247855,52.4277418,3.253314955,1.818922846,0.251576256,666.2043676,3,3,3,38.33970379,19.11214731,38.70325446,18.28921746,Summer,Summer
Perth,2016,-0.691869901,0.293590414,-0.026993266,23.6661001,50.86421557,2.616415013,12.74556451,0.325595758,734.7714396,3,3,3,38.71908892,19.10846719,39.41095882,18.81487678,Summer,Summer
Perth,2017,-0.297136963,0.634958566,-0.036670349,22.26478925,56.174956,3.422209171,82.04575754,0.213790987,671.7395567,3,3,3,38.16267642,18.55044081,38.45981338,17.91548224,Summer,Summer
Perth,2018,-0.182845611,0.82160198,-0.037761725,22.75630607,56.63153773,3.250869287,55.44337783,0.207035506,702.1737329,3,3,3,37.51960882,18.68589983,37.70245443,17.86429785,Summer,Summer
Perth,2019,-0.413695104,0.811700986,-0.038410065,22.57291014,54.81697498,3.301135892,2.781164191,0.233843312,629.3225122,3,3,3,38.35731442,18.03804579,38.77100952,17.22634481,Summer,Summer
Perth,2020,-0.54839942,1.152782875,-0.033397922,24.2018108,51.61467188,3.06147943,18.09026903,0.295317669,684.4821584,3,3,3,39.07472518,19.29324887,39.6231246,18.14046599,Summer,Summer
Perth,2021,-0.396855491,0.999184377,-0.035697634,23.81783555,47.08911076,3.126772271,15.34103305,0.240617953,808.1452874,3,3,3,38.46511186,19.0336597,38.86196735,18.03447532,Summer,Summer
Perth,2022,-0.170895082,1.33727162,-0.044296857,24.91977563,47.13551872,2.991774855,2.202521816,0.151038129,739.5711817,3,3,3,39.51939282,20.50011166,39.6902879,19.16284004,Summer,Summer
Perth,2023,-0.040734405,0.81858425,-0.03936172,23.61746059,49.03193228,3.244397307,1.735395793,0.16311227,746.5560622,3,3,3,37.84622908,19.48659623,37.88696349,18.66801198,Summer,Summer
Perth,2024,-0.504474027,0.93170773,-0.036877648,24.86986445,48.05816506,2.954771937,6.006083421,0.275174472,706.2003856,3,3,3,38.11272911,20.23401981,38.61720313,19.30231207,Summer,Summer
Perth,2025,-0.379938534,1.336741447,-0.040701413,24.31530073,52.94415102,2.745894746,4.222687357,0.24048488,701.7636936,3,3,3,36.31678376,19.91549287,36.69672229,18.57875142,Summer,Summer
Perth,2026,-0.008283047,0.742890085,-0.046698778,23.14302816,50.53590111,3.217848822,4.262965782,0.114558556,787.5427018,1,1,1,33.75492858,18.88379284,33.76321163,18.14090275,Summer,Summer
Sydney,2004,0.675439981,1.05362466,-0.051022366,22.32527157,70.17998892,1.259034749,61.92663109,0.546926812,629.0974242,3,3,3,36.09747455,18.10499881,35.42203456,17.05137415,Summer,Summer
Sydney,2005,1.892060842,0.8287854,-0.074303544,21.52653503,70.88847679,1.318916832,100.6208368,0.538454795,668.690667,3,3,3,35.13564115,17.25273813,33.24358031,16.42395273,Summer,Summer
Sydney,2006,1.498409714,1.187369827,-0.072635164,22.83491229,69.6233023,1.309988566,48.76666725,0.51097467,662.5215657,3,3,3,37.23366484,19.01310496,35.73525513,17.82573513,Summer,Summer
Sydney,2007,0.442201431,0.740144476,-0.037893952,21.70015135,71.57223324,1.871984426,77.50443235,0.516720302,651.4089299,3,3,3,36.3577521,17.90234762,35.91555067,17.16220314,Summer,Summer
Sydney,2008,2.93880687,0.827407033,-0.099691377,21.08770227,75.09855738,1.542088569,117.9904465,0.627002376,654.7120984,3,3,3,33.40200122,16.77699662,30.46319435,15.94958959,Summer,Summer
Sydney,2009,1.699810129,1.307733188,-0.055186743,21.89331804,68.70548183,1.523615276,70.52256653,0.549636341,708.6921407,3,3,3,36.31230948,17.83123436,34.61249935,16.52350117,Summer,Summer
Sydney,2010,1.059418463,1.074670604,-0.053968681,22.62717921,71.16577292,1.326205681,107.1191307,0.585004586,655.8424936,3,3,3,36.87438955,18.50495339,35.81497109,17.43028278,Summer,Summer
Sydney,2011,2.323781071,1.213754842,-0.078629926,22.53232578,72.55482746,1.255784113,55.52813807,0.610742016,629.9752483,3,3,3,36.53290713,18.20510012,34.20912606,16.99134528,Summer,Summer
Sydney,2012,3.095858213,1.097723629,-0.088294907,20.45212935,76.19321954,1.57574129,125.5395033,0.655483526,612.1372602,3,3,3,32.9679512,16.76337836,29.87209299,15.66565473,Summer,Summer
Sydney,2013,1.680145772,1.019093806,-0.056870792,21.88870059,72.11591247,1.626264666,126.2994518,0.554448812,670.7631997,3,3,3,35.74329936,17.83882785,34.06315359,16.81973404,Summer,Summer
Sydney,2014,1.213444518,1.051608481,-0.056428701,21.85270858,69.13872963,1.578938115,46.23216031,0.499266089,648.9829131,3,3,3,37.16249665,18.1995352,35.94905214,17.14792672,Summer,Summer
Sydney,2015,2.421249005,1.13722529,-0.080568153,22.1417686,74.60396213,1.383999991,101.3835452,0.545640784,623.5112333,3,3,3,35.72423058,18.30543923,33.30298158,17.16821394,Summer,Summer
Sydney,2016,2.243031513,1.696910829,-0.06987306,22.15893894,71.30579717,1.458470178,108.6483615,0.511515846,637.6349419,3,3,3,36.15592956,18.0246822,33.91289804,16.32777137,Summer,Summer
Sydney,2017,1.001235274,1.513307168,-0.04403566,23.73609799,67.80244337,1.317081222,61.6694617,0.564890378,671.2348718,3,3,3,37.90170774,19.46512379,36.90047247,17.95181662,Summer,Summer
Sydney,2018,0.317274367,1.443372934,-0.034608441,22.87612546,67.86241001,1.407555076,61.44650361,0.545376769,678.0874113,3,3,3,38.00844184,18.85877129,37.69116748,17.41539836,Summer,Summer
Sydney,2019,1.695619711,1.090242207,-0.073773371,23.22609553,71.53215791,1.317436213,52.51761308,0.5332839,572.9854067,3,3,3,37.96834486,20.0458788,36.27272515,18.95563659,Summer,Summer
Sydney,2020,1.254886778,1.451896698,-0.041805068,22.78116539,68.67843001,1.42511149,130.3018096,0.564934603,656.6570496,3,3,3,36.92070049,18.71537129,35.66581371,17.26347459,Summer,Summer
Sydney,2021,2.693690788,1.934784934,-0.079006829,21.40464974,73.42360689,1.375728595,99.64069591,0.623323116,662.357834,3,3,3,35.93860375,17.25069356,33.24491297,15.31590863,Summer,Summer
Sydney,2022,2.820165049,1.514427598,-0.087944458,21.72365653,76.64252428,1.669001305,121.3619175,0.654648255,625.9255718,3,3,3,34.77324434,17.22501291,31.95307929,15.71058532,Summer,Summer
Sydney,2023,2.086565792,1.379520547,-0.077339954,21.24936227,70.12939992,1.1994302,74.08020138,0.499016893,679.0248852,3,3,3,35.20666916,17.72218173,33.12010337,16.34266118,Summer,Summer
Sydney,2024,1.907919537,1.564787459,-0.072236174,22.89203259,75.69881461,1.324280648,95.76706728,0.639435207,596.4801144,3,3,3,35.38708776,18.67689371,33.47916822,17.11210625,Summer,Summer
Sydney,2025,1.549566148,1.134247239,-0.064153662,22.56693919,72.60277859,1.489485403,70.28663931,0.532368397,640.5387469,3,3,3,34.16527879,18.83510372,32.61571264,17.70085648,Summer,Summer
Sydney,2026,1.114146639,0.461421536,-0.076968749,21.66356301,61.68416817,1.033681247,79.40719111,0.588389764,773.7709609,1,1,1,34.16362619,17.55572032,33.04947955,17.09429878,Summer,Summer
Adelaide,2003,1.405872147,0.244625415,-0.088038351,10.54984803,76.74725448,2.579964494,71.85163182,0.516351743,635.0041683,3,3,3,14.84675882,6.394057754,13.44088667,6.149432338,Winter,Winter
Adelaide,2004,1.416578665,0.598323412,-0.088602347,11.12800115,77.37975807,2.552372487,83.00717069,0.514493858,643.0477801,3,3,3,15.19759087,6.159423908,13.7810122,5.561100496,Winter,Winter
Adelaide,2005,1.291064732,0.152514301,-0.058126352,11.4864636,74.8394703,1.965807629,88.35563032,0.511958028,571.2881398,3,3,3,15.94474817,7.045951548,14.65368344,6.893437247,Winter,Winter
Adelaide,2006,1.529083663,0.414195109,-0.080729092,10.43199907,74.67788763,0.737989026,28.59078145,0.42288571,461.0384662,3,3,3,16.86404492,5.936928244,15.33496126,5.522733135,Winter,Winter
Adelaide,2007,1.519639345,-0.005959262,-0.086583158,10.5863661,74.55711252,1.803198168,32.39815367,0.470310356,582.438376,3,3,3,15.65192876,6.219826045,14.13228942,6.225785307,Winter,Winter
Adelaide,2008,1.549774624,0.631913036,-0.092189295,10.56116615,76.71893894,1.704788087,77.07195408,0.533766127,628.3593278,3,3,3,15.2561446,5.644731035,13.70636998,5.012817999,Winter,Winter
Adelaide,2009,1.631081636,0.572593705,-0.100405779,11.56921894,77.23829271,2.909287032,66.25745769,0.513470414,630.3976101,3,3,3,15.87638519,7.266906931,14.24530355,6.694313226,Winter,Winter
Adelaide,2010,1.616903263,0.289484537,-0.095074379,10.385876,78.4183555,1.717112003,73.62698615,0.542034226,574.8072687,3,3,3,14.8530868,5.604590318,13.23618354,5.315105781,Winter,Winter
Adelaide,2011,1.565331627,0.994211182,-0.08896205,11.25586571,76.69566687,1.26907038,52.96636943,0.487165391,547.4994262,3,3,3,16.56611328,6.736321852,15.00078165,5.742110669,Winter,Winter
Adelaide,2012,1.430221717,0.386844644,-0.080886873,10.45437239,78.17239718,1.560047035,64.45451966,0.514818962,577.7826085,3,3,3,14.81385721,5.789496636,13.38363549,5.402651992,Winter,Winter
Adelaide,2013,1.611122236,0.626927518,-0.102201474,11.52933288,79.49708588,2.308342972,82.36939511,0.55265773,588.1370185,3,3,3,16.52761689,7.332947475,14.91649466,6.706019957,Winter,Winter
Adelaide,2014,1.623354496,0.824342872,-0.098188057,10.96993715,77.56767722,1.860028007,57.15860092,0.54553362,570.5244706,3,3,3,15.85515961,6.33615011,14.23180512,5.511807238,Winter,Winter
Adelaide,2015,1.645457187,0.3657843,-0.085951838,10.39287052,77.73971516,1.14213674,45.34529256,0.570510098,542.8631124,3,3,3,15.17653609,5.648042836,13.5310789,5.282258537,Winter,Winter
Adelaide,2016,1.625244124,0.499431925,-0.0954018,11.05792738,78.44765635,2.149938484,82.87133392,0.573103058,619.6280753,3,3,3,15.80511009,6.312987785,14.17986597,5.81355586,Winter,Winter
Adelaide,2017,1.543456207,0.318920635,-0.078255676,10.73948033,76.19043056,2.084823255,69.50627859,0.491992213,537.3399697,3,3,3,16.02168346,6.326576584,14.47822725,6.007655949,Winter,Winter
Adelaide,2018,1.571661713,0.760333038,-0.087850911,10.9983582,71.32003428,2.454279538,60.1036008,0.543144421,661.125406,3,3,3,16.14071665,6.000355227,14.56905494,5.240022189,Winter,Winter
Adelaide,2019,1.535093518,0.475731582,-0.097761438,10.78317384,75.88129607,1.865294842,53.93321928,0.497522429,576.9029365,3,3,3,16.10131314,6.142979925,14.56621962,5.667248343,Winter,Winter
Adelaide,2020,1.602440814,0.371764552,-0.087613797,10.21399205,78.51826034,1.019054456,50.93865468,0.51434987,501.786075,3,3,3,16.01524163,6.130111335,14.41280082,5.758346784,Winter,Winter
Adelaide,2021,1.480712732,0.535537279,-0.079150457,11.16416163,78.04763776,2.248454677,75.9338815,0.565904337,603.6327848,3,3,3,15.98869714,6.886608626,14.50798441,6.351071347,Winter,Winter
Adelaide,2022,1.483850284,0.598303854,-0.094035313,10.76509078,79.33808575,1.774660369,71.31727874,0.599593743,605.0330817,3,3,3,15.12115566,6.137232038,13.63730538,5.538928184,Winter,Winter
Adelaide,2023,1.576852135,0.41002255,-0.090100661,11.4787735,78.45459004,2.185962335,59.76954755,0.534264357,564.7967506,3,3,3,16.24305847,7.276350888,14.66620634,6.866328338,Winter,Winter
Adelaide,2024,1.393939502,0.267777994,-0.070682818,11.42754325,76.13618796,1.799949441,54.12151381,0.556341264,548.8375424,3,3,3,15.34032337,6.888102407,13.94638387,6.620324413,Winter,Winter
Adelaide,2025,1.214641749,0.319843512,-0.07619986,10.85594931,74.89178412,1.870288811,75.06007385,0.562851989,612.1115586,3,3,3,13.32983952,6.18287148,12.11519777,5.863027968,Winter,Winter
Brisbane,2003,1.069482984,-0.045371954,-0.03974202,14.94816564,71.79259084,0.962652551,35.96907756,0.350931447,457.6569151,3,3,3,22.50554996,10.59901824,21.43606697,10.6443902,Winter,Winter
Brisbane,2004,0.891734249,-0.104318587,-0.044989808,14.74001942,64.05773728,1.217100389,16.89489605,0.213725658,505.06075,3,3,3,23.99366385,10.41331404,23.1019296,10.51763263,Winter,Winter
Brisbane,2005,0.838026294,-0.261652736,-0.038430566,15.32127405,71.87468905,0.84755439,70.21380871,0.368715485,505.6455766,3,3,3,23.16014886,11.10009292,22.32212257,11.36174565,Winter,Winter
Brisbane,2006,0.929752333,-0.050378737,-0.042548935,15.11003337,70.515082,1.026157461,90.79866553,0.305948328,455.8607766,3,3,3,23.40214537,11.22558407,22.47239304,11.27596281,Winter,Winter
Brisbane,2007,0.705578693,0.255745369,-0.033068301,14.59190486,64.57476191,1.583777763,73.92919303,0.345366283,525.4385608,3,3,3,23.03464135,10.19732875,22.32906266,9.941583383,Winter,Winter
Brisbane,2008,1.025539577,-0.199965682,-0.039780759,14.75259159,68.47400615,1.121464156,78.20793003,0.349140433,463.1860907,3,3,3,21.95427856,10.90649361,20.92873898,11.10645929,Winter,Winter
Brisbane,2009,1.24262457,-0.100611072,-0.05388235,15.33274274,70.45858018,0.950180912,31.12717963,0.253003003,449.5176995,3,3,3,23.1889812,11.72637685,21.94635663,11.82698793,Winter,Winter
Brisbane,2010,1.083877041,0.403031298,-0.050648657,15.11463023,70.4092257,1.404173035,52.93913307,0.422813083,484.9226859,3,3,3,22.33271822,10.80142156,21.24884118,10.39839026,Winter,Winter
Brisbane,2011,1.239861279,0.015220542,-0.055497278,14.45496301,67.79342208,1.491540757,31.37172408,0.318384644,507.386935,3,3,3,22.00963919,10.46546156,20.76977792,10.45024102,Winter,Winter
Brisbane,2012,1.303753527,-0.075645173,-0.058615121,14.74264445,69.39687468,1.404692849,64.95433178,0.326744333,496.4837664,3,3,3,22.25002328,10.59146115,20.94626976,10.66710632,Winter,Winter
Brisbane,2013,1.346315614,0.32573146,-0.063489899,15.59880683,72.34379366,1.281996287,56.7084961,0.375810299,434.2489108,3,3,3,23.09896122,11.59899614,21.75264561,11.27326468,Winter,Winter
Brisbane,2014,1.134040892,-0.205094333,-0.054386071,15.08669551,66.95847564,1.45095388,49.09332791,0.316777174,527.8269812,3,3,3,23.40408694,10.79689286,22.27004605,11.0019872,Winter,Winter
Brisbane,2015,1.313395968,-0.145138339,-0.063363571,15.03407426,72.44762337,1.218246583,37.84553404,0.36008403,455.7344755,3,3,3,22.4063283,10.8525208,21.09293233,10.99765913,Winter,Winter
Brisbane,2016,1.137882425,-0.004936013,-0.051794369,15.75269857,70.31078139,0.937405105,78.3549547,0.423989433,515.2532948,3,3,3,23.05362817,12.02456403,21.91574575,12.02950004,Winter,Winter
Brisbane,2017,1.18740039,0.010425276,-0.062476538,15.73380209,65.76065309,1.240909292,24.2020985,0.2452463,482.2789142,3,3,3,23.87393694,11.60868971,22.68653655,11.59826443,Winter,Winter
Brisbane,2018,1.186525492,-0.227584658,-0.050991432,15.04078151,63.86207675,0.926107264,31.74321219,0.25994966,459.0040304,3,3,3,23.65497336,11.03587527,22.46844787,11.26345993,Winter,Winter
Brisbane,2019,0.958805015,0.18899711,-0.045994714,15.45969234,68.40788389,1.035182846,32.71783799,0.309039218,474.4501652,3,3,3,24.07987616,11.51766148,23.12107115,11.32866437,Winter,Winter
Brisbane,2020,1.085430249,-0.063196828,-0.067179016,15.33806622,69.19554619,1.325516243,32.11405145,0.340564453,512.6992132,3,3,3,23.35561419,11.41362721,22.27018394,11.47682404,Winter,Winter
Brisbane,2021,1.354467481,0.024565123,-0.057905964,15.07455718,72.23164769,1.023476447,38.74797869,0.344475339,448.9762438,3,3,3,22.75183316,11.2711399,21.39736568,11.24657477,Winter,Winter
Brisbane,2022,1.373834761,0.116547342,-0.06094297,14.15598428,73.12314721,1.239314729,51.05241926,0.383128394,431.2623219,3,3,3,21.20438153,10.42458049,19.83054677,10.30803314,Winter,Winter
Brisbane,2023,1.064459151,0.133682822,-0.051030527,15.68004742,69.48859479,0.83313868,21.71366572,0.35389242,457.7348984,3,3,3,23.31854261,11.66871057,22.25408346,11.53502775,Winter,Winter
Brisbane,2024,1.154463453,0.198396985,-0.069445075,15.62159139,72.25865527,1.246225624,47.2252336,0.319185234,449.3055619,3,3,3,21.93779447,11.882822,20.78333101,11.68442502,Winter,Winter
Brisbane,2025,1.007090102,-0.034341858,-0.075383143,14.77764565,71.70012715,1.581975511,48.02541533,0.340491691,470.9533595,3,3,3,19.34298866,11.05957953,18.33589855,11.09392139,Winter,Winter
Melbourne,2003,0.427074105,0.756799191,-0.097224671,9.731398892,77.30954185,2.825925971,70.61516327,0.59055748,647.6912415,3,3,3,12.97803927,4.846335246,12.55096516,4.089536055,Winter,Winter
Melbourne,2004,0.510072832,0.769798193,-0.115457356,9.85592046,76.43107337,2.894047473,73.24676988,0.602579439,664.0800292,3,3,3,13.44446239,5.088308964,12.93438956,4.318510772,Winter,Winter
Melbourne,2005,0.272967424,0.826180212,-0.084853615,10.45463469,76.24090973,2.711090752,58.27887214,0.54803133,581.4907821,3,3,3,14.37706989,5.655972335,14.10410246,4.829792122,Winter,Winter
Melbourne,2006,0.331791549,0.732660344,-0.125519782,9.393633682,77.32247156,1.168662934,31.55942419,0.571325601,458.127149,3,3,3,13.91224859,4.607324457,13.58045704,3.874664113,Winter,Winter
Melbourne,2007,0.585269354,0.609889296,-0.12254859,9.581864022,78.22134581,1.987505285,61.61897704,0.589304558,574.437455,3,3,3,13.52239728,4.836984086,12.93712792,4.22709479,Winter,Winter
Melbourne,2008,0.47273709,0.839471611,-0.102946128,9.667260744,78.03270775,2.001313587,66.98739452,0.613226415,607.5095916,3,3,3,13.47473688,4.763494196,13.00199979,3.924022585,Winter,Winter
Melbourne,2009,0.289824761,0.724961102,-0.079513232,10.19048892,75.94506515,3.13094641,47.1097916,0.547242432,626.0531163,3,3,3,13.65157983,5.260108873,13.36175507,4.53514777,Winter,Winter
Melbourne,2010,0.798708148,0.557315838,-0.13455303,9.199749172,80.53929242,2.144243053,71.67408834,0.620593626,547.7409795,3,3,3,12.85917085,4.625937984,12.0604627,4.068622147,Winter,Winter
Melbourne,2011,0.664727865,1.090371569,-0.11699321,10.21611079,77.45372645,1.942749897,44.84504663,0.572678589,579.622238,3,3,3,14.53965416,5.495623681,13.8749263,4.405252111,Winter,Winter
Melbourne,2012,0.785826326,0.970198715,-0.12831961,9.66615848,78.86116767,1.94890001,72.59018216,0.620598635,600.5752817,3,3,3,13.00159126,4.487305617,12.21576493,3.517106902,Winter,Winter
Melbourne,2013,0.618495664,0.404188346,-0.107172151,10.36090547,78.5781569,2.644933361,66.42064718,0.601641916,601.7737754,3,3,3,14.2514979,5.790594287,13.63300223,5.38640594,Winter,Winter
Melbourne,2014,0.7384912,1.090886026,-0.151511399,10.26809878,80.67040887,1.963863764,47.61566861,0.651689591,567.2369138,3,3,3,14.02666708,5.182248922,13.28817588,4.091362895,Winter,Winter
Melbourne,2015,0.54243435,0.852837164,-0.114289981,9.26343028,79.3342414,1.805763154,48.77717453,0.652421837,553.7617412,3,3,3,13.25892068,4.141547582,12.71648633,3.288710418,Winter,Winter
Melbourne,2016,0.8634425,0.630978517,-0.144234879,10.2320069,79.99715715,2.728983242,80.73802201,0.677640635,627.5573179,3,3,3,13.90008346,5.219764033,13.03664096,4.588785517,Winter,Winter
Melbourne,2017,0.747022875,0.862521964,-0.133954845,9.323923374,77.72297464,2.433850191,47.83729383,0.56162058,536.6161891,3,3,3,13.35190668,4.704178445,12.60488381,3.841656481,Winter,Winter
Melbourne,2018,0.713630662,0.831212866,-0.115411087,9.582873639,74.93136376,2.916215981,52.76411938,0.579437988,662.82641,3,3,3,13.99449232,4.886563819,13.28086166,4.055350953,Winter,Winter
Melbourne,2019,0.810590581,1.022115692,-0.120930502,9.846307642,78.90186231,2.479810157,67.75042986,0.592776092,606.2267812,3,3,3,14.0624591,4.881898472,13.25186852,3.85978278,Winter,Winter
Melbourne,2020,1.102543931,1.074468768,-0.13386448,9.543320427,82.59677395,1.448997453,52.36290743,0.667753906,532.0566754,3,3,3,14.16030698,5.195919307,13.05776305,4.121450539,Winter,Winter
Melbourne,2021,0.97367819,0.798369173,-0.115962705,10.25394436,79.24576409,2.633322793,65.04816625,0.663279531,605.7606807,3,3,3,14.79817814,5.7220356,13.82449995,4.923666427,Winter,Winter
Melbourne,2022,0.916027758,1.052647261,-0.116965696,9.716333274,81.10781958,2.132329719,75.15321747,0.650871642,598.8341732,3,3,3,13.43337052,4.809773695,12.51734276,3.757126434,Winter,Winter
Melbourne,2023,0.86564075,1.247873426,-0.128325387,10.60967484,78.62014744,2.848110566,50.21899492,0.646163667,606.726753,3,3,3,13.85657226,5.945143461,12.99093151,4.697270036,Winter,Winter
Melbourne,2024,0.665142344,0.937659491,-0.12496586,10.23026722,78.34655628,1.997221167,48.4378205,0.657074894,568.342888,3,3,3,13.11312018,5.784307517,12.44797784,4.846648026,Winter,Winter
Melbourne,2025,0.55725578,1.236719773,-0.085682632,9.643566195,76.93780041,2.127513109,51.82012346,0.577195991,559.7905738,3,3,3,11.81921036,4.865046346,11.26195458,3.628326572,Winter,Winter
Perth,2003,0.65803858,0.318966623,-0.067670717,13.2720908,75.65171925,0.956390461,116.3546893,0.492371167,616.3410443,3,3,3,17.87345585,7.646692654,17.21541727,7.327726031,Winter,Winter
Perth,2004,0.684828655,0.453651928,-0.06722914,13.46426986,76.22603401,1.529502142,100.7115185,0.482395275,650.313903,3,3,3,17.57815374,8.120701894,16.89332509,7.667049966,Winter,Winter
Perth,2005,0.598943158,0.230461426,-0.070310104,13.07314584,76.39281357,0.543996378,97.28279416,0.461636839,579.2830316,3,3,3,17.68469646,8.100927528,17.08575331,7.870466102,Winter,Winter
Perth,2006,0.441563188,0.530235297,-0.052385198,13.76378141,70.02240675,1.512301511,67.75036911,0.367655921,576.0484394,3,3,3,19.24047236,8.14034009,18.79890917,7.610104793,Winter,Winter
Perth,2007,0.493318067,0.349704317,-0.063176996,14.31217888,71.99331398,1.990847931,89.7898936,0.47366185,679.9447494,3,3,3,18.49477934,8.728730659,18.00146127,8.379026342,Winter,Winter
Perth,2008,0.666777689,0.575405451,-0.074341796,13.20701322,71.4841166,1.422224609,98.33632884,0.407890371,558.5526497,3,3,3,18.13453737,8.067468244,17.46775968,7.492062793,Winter,Winter
Perth,2009,0.572134544,0.546955891,-0.063884365,13.55209626,76.51251266,1.534209545,113.9027685,0.492419005,647.1579568,3,3,3,17.81179987,7.927947192,17.23966532,7.380991301,Winter,Winter
Perth,2010,0.504342852,0.846663795,-0.05659995,12.86880976,71.24461924,1.072379115,59.9061421,0.390440022,474.4076491,3,3,3,18.52188534,7.126914651,18.01754248,6.280250856,Winter,Winter
Perth,2011,0.516518628,0.537019265,-0.059086182,14.25591808,74.1885337,0.911826531,110.6508972,0.478168601,630.2801897,3,3,3,18.11372109,8.614654066,17.59720247,8.077634801,Winter,Winter
Perth,2012,0.657495901,0.727377603,-0.080211555,13.68872531,72.55095697,1.214705918,72.62390579,0.458150031,503.2558109,3,3,3,18.51515643,8.117454153,17.85766052,7.39007655,Winter,Winter
Perth,2013,0.691320893,0.456914223,-0.07349792,13.96149028,74.69146456,1.412721422,74.68462628,0.416791689,566.5584691,3,3,3,18.85694054,8.131490279,18.16561964,7.674576057,Winter,Winter
Perth,2014,0.688906835,0.097310537,-0.085151359,14.22023296,73.77969944,1.050003513,83.12689016,0.452324801,525.5627428,3,3,3,18.78821278,8.868766561,18.09930594,8.771456024,Winter,Winter
Perth,2015,0.642876135,0.6230129,-0.075158604,14.11003176,75.32901361,0.972653005,86.35935837,0.507003663,505.8401044,3,3,3,18.58842757,8.663968005,17.94555144,8.040955105,Winter,Winter
Perth,2016,0.678907468,0.510857771,-0.073767894,12.68733733,75.69942941,0.528219641,81.55302524,0.52120801,608.4108029,3,3,3,17.20900299,7.46518693,16.53009552,6.954329159,Winter,Winter
Perth,2017,0.607227139,0.744951379,-0.067874948,13.93633234,73.25169069,1.771034608,101.231346,0.499597528,604.3955412,3,3,3,18.47104897,8.054926178,17.86382183,7.309974799,Winter,Winter
Perth,2018,0.595013564,0.573097328,-0.069018141,13.65456414,76.45632753,1.696947057,119.1689984,0.490471297,620.5173276,3,3,3,18.40190561,7.939927332,17.80689205,7.366830004,Winter,Winter
Perth,2019,0.523640272,0.694329426,-0.065008279,13.90565672,71.68688779,0.897368968,104.4048019,0.452829395,543.9133755,3,3,3,18.85711464,8.20102758,18.33347437,7.506698154,Winter,Winter
Perth,2020,0.535976729,0.656115525,-0.071971982,14.39174803,72.95349531,0.93305933,80.82863806,0.489978991,594.090614,3,3,3,18.63430861,8.859603734,18.09833188,8.203488209,Winter,Winter
Perth,2021,0.653381119,0.408504725,-0.074106537,13.80829108,76.44034856,1.59201835,117.8474183,0.511916039,640.8906083,3,3,3,18.15199144,8.223557165,17.49861032,7.815052441,Winter,Winter
Perth,2022,0.642532039,0.310251903,-0.079476992,13.72277454,75.02161981,1.076153124,100.2974424,0.482084709,598.9594117,3,3,3,18.3522513,8.464906779,17.70971926,8.154654876,Winter,Winter
Perth,2023,0.648567659,0.26315959,-0.075444678,13.27625555,76.44750374,1.334416114,72.54270537,0.482654554,552.5712447,3,3,3,17.64168808,7.985601798,16.99312042,7.722442208,Winter,Winter
Perth,2024,0.676420031,0.199633634,-0.073732126,14.77009084,76.24327861,1.854024574,120.7926089,0.53268322,657.5095636,3,3,3,17.53337526,9.152172405,16.85695523,8.952538771,Winter,Winter
Perth,2025,0.532390723,0.682287212,-0.080810957,13.55340762,76.81954893,0.684481055,137.863524,0.498018317,560.510962,3,3,3,15.5970826,8.155702584,15.06469188,7.473415371,Winter,Winter
Sydney,2003,1.041815723,0.667195881,-0.081267589,12.45977456,69.03939944,1.63658354,44.01124132,0.332619284,515.2508228,3,3,3,18.39553917,7.404152951,17.35372345,6.73695707,Winter,Winter
Sydney,2004,0.265020957,1.089611332,-0.044681601,12.68528521,63.60002204,1.989237333,30.96011846,0.320960277,586.3936672,3,3,3,18.73683412,7.537573234,18.47181316,6.447961903,Winter,Winter
Sydney,2005,0.406458425,0.779221801,-0.044217472,12.81388844,68.09281483,1.582232445,47.57823936,0.302956169,529.274559,3,3,3,18.85131176,7.341943437,18.44485333,6.562721636,Winter,Winter
Sydney,2006,0.600876977,0.622482727,-0.04649963,12.25129561,70.33782704,1.715265944,53.60832164,0.379440098,484.0917875,3,3,3,18.17009061,7.408157219,17.56921364,6.785674491,Winter,Winter
Sydney,2007,1.126381674,0.798852971,-0.089080682,12.46982994,69.94954671,2.163273474,129.3012057,0.406366664,584.1805178,3,3,3,18.25171348,7.466983818,17.12533181,6.668130846,Winter,Winter
Sydney,2008,1.042076066,0.801780261,-0.071540839,12.12188952,69.00372954,2.21575775,64.48752642,0.437608973,597.433182,3,3,3,17.39891461,6.629143993,16.35683854,5.827363732,Winter,Winter
Sydney,2009,1.022504966,0.956192651,-0.074945756,12.83243781,66.50791957,1.931483334,36.30784298,0.344444584,543.3241998,3,3,3,18.24889269,7.99724446,17.22638773,7.041051809,Winter,Winter
Sydney,2010,0.918450654,0.362190925,-0.060752255,12.23041253,70.50877899,1.894223699,52.88470819,0.408117915,583.9631122,3,3,3,17.59709728,7.497834538,16.67864662,7.135643614,Winter,Winter
Sydney,2011,0.850293591,0.948434586,-0.078215402,12.41539556,71.05600523,1.793262835,54.49819237,0.393512547,573.0281417,3,3,3,17.75132326,7.461873385,16.90102967,6.513438799,Winter,Winter
Sydney,2012,1.010357271,0.664896186,-0.074486687,12.09266401,69.22247465,2.030628613,39.66762685,0.380008036,589.3520438,3,3,3,17.68282258,6.682055794,16.6724653,6.017159609,Winter,Winter
Sydney,2013,1.09029311,0.667874808,-0.077730354,12.97715464,70.55608557,1.807095662,57.93798909,0.403661337,516.2920166,3,3,3,19.11280164,8.181162621,18.02250853,7.513287812,Winter,Winter
Sydney,2014,0.65666352,0.566416672,-0.066237462,12.65029549,69.23862709,2.313844943,63.96946964,0.372303453,569.2056522,3,3,3,18.1034312,7.58303332,17.44676768,7.016616648,Winter,Winter
Sydney,2015,1.151513201,0.462807682,-0.066764227,12.06187001,71.56894807,1.760254841,49.28486108,0.383429706,457.3539103,3,3,3,17.80303835,7.080833758,16.65152515,6.618026076,Winter,Winter
Sydney,2016,1.149937904,0.744518078,-0.055289484,13.09699828,70.05459445,1.907264685,118.9707451,0.442759977,538.6801099,3,3,3,18.50021786,7.871394951,17.35027995,7.126876872,Winter,Winter
Sydney,2017,1.043304614,0.423836952,-0.077246805,12.49104361,66.32348288,2.307817201,31.72203283,0.335054449,528.1058163,3,3,3,18.74402114,7.799074901,17.70071652,7.375237949,Winter,Winter
Sydney,2018,0.387754014,0.86361588,-0.041093175,12.43599844,61.56989248,2.025119696,32.96265317,0.291387403,585.6053199,3,3,3,18.39286015,7.299569515,18.00510614,6.435953635,Winter,Winter
Sydney,2019,0.79829447,0.441077134,-0.066429944,12.76437749,66.05092289,1.967523982,45.62756199,0.331151979,534.1037654,3,3,3,19.25973369,7.791114464,18.46143922,7.35003733,Winter,Winter
Sydney,2020,1.210086621,0.726984852,-0.078345729,12.55372443,71.9619133,2.0011875,81.31382981,0.411455844,506.8153137,3,3,3,18.44344409,7.611242849,17.23335747,6.884257997,Winter,Winter
Sydney,2021,1.110641887,0.860504569,-0.063561551,12.46044003,69.09520406,2.034750359,51.01639428,0.405953951,537.7350299,3,3,3,18.67148989,7.836524748,17.560848,6.976020179,Winter,Winter
Sydney,2022,1.123816573,0.612914095,-0.070608443,12.38958972,71.97714375,2.187941817,110.0251719,0.430151043,546.862695,3,3,3,17.28118185,7.506955636,16.15736528,6.894041541,Winter,Winter
Sydney,2023,0.747022556,0.450774661,-0.053143629,12.87686335,69.97627213,1.499334939,29.53164674,0.318035969,436.2432886,3,3,3,18.65788922,8.288163864,17.91086667,7.837389203,Winter,Winter
Sydney,2024,0.893743529,0.395325764,-0.079475911,13.01868074,71.8448861,2.007454486,63.8675595,0.47507849,486.7384851,3,3,3,16.87663603,8.325693883,15.9828925,7.930368119,Winter,Winter
Sydney,2025,0.88492253,0.205111332,-0.076881905,12.3071268,71.63580585,2.083240805,92.68801855,0.432631022,542.0755963,3,3,3,14.93855754,7.89527082,14.05363501,7.690159489,Winter,Winter
