city,year,suhi_day_C_mean,suhi_night_C_mean,dEVI_mean,t2m_C_mean,rh_pct_mean,wind10_ms_mean,precip_mm_mean,cloud_frac_mean,blh_m_mean,n_months,n_valid_day,n_valid_night,period
Adelaide,2003,2.045158024023304,0.5270080180722759,-0.052817299464029764,15.326662816074885,65.74730478955681,2.1320900436641153,43.2234664219903,0.42721147627572637,640.630670089526,12,12,12,ANNUAL
Adelaide,2004,2.032500415782709,0.7322485021445752,-0.0521757646971883,15.52379993098024,64.5343917943323,1.9157564665367384,42.04023488333644,0.4552235147106521,639.3272179411709,12,12,12,ANNUAL
Adelaide,2005,2.2224266077405557,0.5193505545775005,-0.04782716555079388,15.740885730254291,64.96119475294178,1.62539098135737,51.03795092826346,0.44754639611709224,622.1460130709828,12,12,12,ANNUAL
Adelaide,2006,2.045268852567692,0.5894895946715704,-0.053092595264846366,15.528390295726863,62.19726240338978,1.5660427970640214,31.624515635323093,0.40690985508137284,609.3196981445776,12,12,12,ANNUAL
Adelaide,2007,1.8919505290779934,0.35188044716805705,-0.054436858759910355,16.340349480822667,62.37417495192431,1.765477978211983,44.26696675870425,0.413436169347124,653.9869757534894,12,12,12,ANNUAL
Adelaide,2008,2.044895415315033,0.8855237410693491,-0.06001014253394663,15.60384909603151,62.77686305875704,1.6489903560538137,39.358875845028145,0.44064335798254023,649.5632688287562,12,12,12,ANNUAL
Adelaide,2009,2.138341699231444,0.6194165232663013,-0.06404299967915679,16.269698919577973,63.87987383435782,1.9741275821695663,44.77445119907953,0.4273063404846234,653.1334974827308,12,12,12,ANNUAL
Adelaide,2010,2.378252150178102,0.6328873734139652,-0.0632962650276664,15.621143759284365,66.84745191313918,1.4490721260043127,52.70598432511735,0.4936460646742939,610.8383575220912,12,12,12,ANNUAL
Adelaide,2011,2.4718370699517282,0.7603499252803602,-0.06330264653240654,15.745826471929497,66.93135665353557,1.5567607663139587,41.53949250420563,0.45691599065070226,585.3919753595361,12,12,12,ANNUAL
Adelaide,2012,2.1541463525335565,0.3833248975606867,-0.05683703952362327,15.672614451515237,64.26618549499652,1.437268577804449,36.152034537309596,0.4475831820989056,637.5080501080656,12,12,12,ANNUAL
Adelaide,2013,2.1070575645383784,0.8685759687452365,-0.06290574574951123,16.355534832452793,64.17650805706757,1.8670763305212619,46.78419243303741,0.4831020189978968,638.1989316256075,12,12,12,ANNUAL
Adelaide,2014,2.052202545961208,0.7648848770497384,-0.05961161112236927,16.186998771355157,64.66902117269473,1.7028929796913193,37.64976119306297,0.4658996932869941,603.9059773756837,12,12,12,ANNUAL
Adelaide,2015,2.0118858351560163,0.5372564777944652,-0.05580284063570192,15.801366387965047,64.29685197403955,1.5620855987385498,31.690534059185563,0.4669424309992353,616.8011388408867,12,12,12,ANNUAL
Adelaide,2016,2.310332733250399,0.614478523431646,-0.06310734865720632,15.592959108985378,67.89610184968856,2.033036386249632,60.61466205167692,0.5125841904900201,642.5575498383266,12,12,12,ANNUAL
Adelaide,2017,2.4765753980304983,0.6565456820048834,-0.061349942342885426,15.969149250205275,65.96152348983664,1.7719491043872797,41.77717665946705,0.46477754503073787,621.440132291619,12,12,12,ANNUAL
Adelaide,2018,2.149706806571365,0.9059655284377387,-0.058534742556976986,16.105211641362956,61.905467970262144,1.7598284046934898,33.39445724936248,0.4658784923523589,655.9078011267285,12,12,12,ANNUAL
Adelaide,2019,2.0183306110761854,0.7787250176896241,-0.060653657622901695,16.02388792312433,61.68085393138633,1.7619729833024387,33.08285797398111,0.44039756449843215,644.6023235313315,12,12,12,ANNUAL
Adelaide,2020,2.253375602551129,0.7915037765916523,-0.056466843652428295,15.255515406103099,66.24869889634606,1.6008234286397203,43.71984567227319,0.5020606357213163,630.6076666454807,12,12,12,ANNUAL
Adelaide,2021,2.3378964439782566,0.7996520871495439,-0.05482176992061438,15.272378973000272,65.22079045518122,1.8911816620566742,42.584061776031156,0.4731278456541159,643.1749810119721,12,12,12,ANNUAL
Adelaide,2022,2.5086171918612963,0.686159455202823,-0.06052756501925526,15.362301045677976,70.18712076722313,1.713476101111355,55.8212121205303,0.5223375346620831,637.3847457603288,12,12,12,ANNUAL
Adelaide,2023,2.516493100694745,0.6760407615373255,-0.0606538314701937,15.460678791468306,68.28797603892936,2.044428910830159,41.63075353019232,0.4556540489406172,602.2293058513163,12,12,12,ANNUAL
Adelaide,2024,2.034609394505613,0.6947698788738861,-0.04852193161339654,16.02099583108691,65.49573646944559,1.740306647587567,30.178173579006998,0.43826878853841933,585.0701373434925,12,12,12,ANNUAL
Adelaide,2025,1.8708774043069336,0.5120116956724995,-0.05703745119162943,15.994280620111608,63.92034132231134,1.9589135001751392,36.11081301433109,0.43926512261274026,633.2456056213174,12,12,12,ANNUAL
Brisbane,2003,1.3737645331310449,0.3484873208287301,-0.03294954687212984,19.63350463629152,71.5817489937691,1.4434685252191992,69.28723318064783,0.40786338266387506,606.8706881094108,12,12,12,ANNUAL
Brisbane,2004,1.381284792823397,0.40962538981540586,-0.043421122128629606,20.012528272567327,70.80521442511836,1.2728369600057003,85.10457454350538,0.37552722949440476,592.8086047305636,12,12,12,ANNUAL
Brisbane,2005,1.1888543345107285,0.31009985557953107,-0.04072646615577496,20.320434614191758,72.21123885308141,1.4347849975146856,62.883361184093616,0.3985594662879432,602.8906255169433,12,12,12,ANNUAL
Brisbane,2006,1.3132763856631413,0.49720329385447054,-0.0429292547146033,19.725811294800895,71.74312901320214,1.4286091096131248,73.82183861539995,0.4032878997339116,598.1337485430373,12,12,12,ANNUAL
Brisbane,2007,1.091807438965062,0.5157531806681822,-0.03395547519788767,19.9708689334462,70.95017957420004,1.6346767361363848,69.8354707660667,0.45284865691714543,612.3873359372591,12,12,12,ANNUAL
Brisbane,2008,1.5925742281120432,0.39914937126570066,-0.043800498617581306,19.460331995372293,72.16882454855505,1.509801708628383,87.98971534279268,0.4434749719069513,604.0617262033039,12,12,12,ANNUAL
Brisbane,2009,1.6976641121595402,0.4203884457488454,-0.0522815926429216,20.27765402652731,70.51628367547791,1.5550256430474774,70.67807000704258,0.39408990422790796,608.114413588088,12,12,12,ANNUAL
Brisbane,2010,1.7248167645731576,0.5732111061120402,-0.05222655756071228,19.9438052613085,74.45577993034593,1.556794431655273,118.9492234525148,0.5440667485301012,571.0076255837774,12,12,12,ANNUAL
Brisbane,2011,1.8255378744740465,0.5036790959979962,-0.05814196460473384,19.489268489207085,72.20849385785688,1.6631241007281499,88.28811232524322,0.4457755100464094,602.9691322146697,12,12,12,ANNUAL
Brisbane,2012,1.7709183512433457,0.5398993283818054,-0.05503041124723191,19.64724092056023,71.24003385335243,1.4748764481012184,102.90856289483916,0.4254412330815178,589.1367076289081,12,12,12,ANNUAL
Brisbane,2013,1.7107271434592137,0.46667315185431946,-0.06316349207977513,20.086225290570038,72.18109823198004,1.5353718834183672,92.2195400978743,0.4223567372107977,591.7871578163855,12,12,12,ANNUAL
Brisbane,2014,1.4787076355751154,0.660321761551146,-0.050627517883573676,20.270679779095776,70.00707744005571,1.5218479219496828,54.35829816516118,0.41736176087661137,626.5652336096945,12,12,12,ANNUAL
Brisbane,2015,1.8612429007234141,0.6393538128356099,-0.058694195679163404,19.941766638478438,73.39336937482746,1.4689666742616254,89.53553158644367,0.4193771541064008,575.9756909400804,12,12,12,ANNUAL
Brisbane,2016,1.5139026744869268,0.6156385124995492,-0.04831814967558228,20.52851288871384,70.32458266234839,1.3430654980795176,63.37930789926073,0.43144902453623296,614.3436138445963,12,12,12,ANNUAL
Brisbane,2017,1.7841862318422148,0.47434233892107464,-0.061776714409891464,20.639525538500916,70.07786922228406,1.5303959656508515,78.45602138856295,0.4054771901656475,597.0414516992804,12,12,12,ANNUAL
Brisbane,2018,1.7631924810935062,0.5049290397000452,-0.05607750058110488,20.14692507108324,70.0427056869001,1.4946803661874186,69.82417504873189,0.39442316400122285,611.7830787345371,12,12,12,ANNUAL
Brisbane,2019,1.245351785504834,0.6105398282103511,-0.04584228077102757,20.614670144815953,68.05636765110229,1.5232832637108433,53.40358991757995,0.3751030434488398,633.2072690833434,12,12,12,ANNUAL
Brisbane,2020,1.499625869971447,0.5633193247000338,-0.05935596410438008,20.41593012803034,71.67088526037593,1.4683084255125793,96.15086543363604,0.46307012043559354,596.1437302137629,12,12,12,ANNUAL
Brisbane,2021,2.000068346851108,0.457431889475216,-0.05876829139403611,19.809519174692515,73.67644952612655,1.2532141667480545,120.5095774752411,0.4626729508754947,560.950295129157,12,12,12,ANNUAL
Brisbane,2022,1.9845284252872215,0.537472938341359,-0.0632025011047143,19.609892953650977,74.92569705221106,1.4280098645519541,139.48804387795113,0.5103435443903134,588.9607498632115,12,12,12,ANNUAL
Brisbane,2023,1.6424882185483154,0.5535306339829408,-0.05310689301726682,20.248039702465768,70.79183144301308,1.2660752483072855,54.60077855400019,0.41994638705832504,594.9394154505178,12,12,12,ANNUAL
Brisbane,2024,1.80859818141792,0.5477459284717211,-0.07268362384893375,20.659072347705003,77.04814830619694,1.5203867924202792,104.73723552361581,0.4828517644422561,542.3051414321257,12,12,12,ANNUAL
Brisbane,2025,1.5848093616742798,0.5536864938606616,-0.077154303273987,20.477228257127567,74.68225085130841,1.5593289897240432,113.11877612365883,0.4540852855048327,583.2877513784046,12,12,12,ANNUAL
Melbourne,2003,0.059212717204940514,1.0974849200290304,-0.06743316233327616,14.054700015292221,70.5429276185995,1.8810161669785563,56.73514206391278,0.5421742022626761,661.5119837555532,12,12,12,ANNUAL
Melbourne,2004,0.44573144676157367,1.1577316178109085,-0.06660499431248197,13.903617697299032,70.28552814649133,1.9410248466696114,60.641333913541665,0.576297428872989,665.9342942906875,12,12,12,ANNUAL
Melbourne,2005,0.5481492458986801,1.1357813359983326,-0.06884671978812494,14.592169894950558,68.85580532533221,1.6469635086241698,58.65953980579861,0.548044989995785,662.8517374161422,12,12,12,ANNUAL
Melbourne,2006,-0.16025125414779628,1.1756558874555127,-0.06354044295001698,13.997895094962734,67.41719044432612,1.5779153733663536,39.62003087488859,0.5230013938704747,656.2606787442949,12,12,12,ANNUAL
Melbourne,2007,-0.18180222365193324,0.7750782868735291,-0.056666508886448204,15.09350648569786,67.51762944728647,1.6991113771564397,59.64054586891847,0.5300333251243655,674.7305809264741,12,12,12,ANNUAL
Melbourne,2008,-0.24947135311759153,1.1319636002522,-0.05528847389237849,14.218527199350609,67.0588153480163,1.6883597548212501,49.649110505648004,0.5490482582093131,678.9116692287353,12,12,12,ANNUAL
Melbourne,2009,-0.031543997293369624,1.4204761142988824,-0.05434696929908323,14.69010064037281,67.30404907507562,1.8676272826194318,44.74249075479678,0.5240260176884944,666.6052214142678,12,12,12,ANNUAL
Melbourne,2010,1.2160785473209452,0.8915973738449797,-0.10030891025538637,14.36733431078902,72.66403243742364,1.403409361291757,76.0413890006918,0.5787166300432804,628.5960058407447,12,12,12,ANNUAL
Melbourne,2011,1.7448599227376658,1.0461805635410222,-0.10625495903818534,14.345738112148823,73.27139010482695,1.3647681278528,72.98509493571159,0.5883463185232289,622.1972533273739,12,12,12,ANNUAL
Melbourne,2012,1.3199356820066925,1.3027550657886884,-0.09690496644649743,14.417855912090117,70.14350490388004,1.4897267168255706,60.99994080570809,0.5830021029000335,683.5991344831159,12,12,12,ANNUAL
Melbourne,2013,1.0299383918542266,0.9789239987917656,-0.08120907996564773,14.893498875734764,68.55267032474656,1.9180036278262467,57.491980176866896,0.5693175861028533,671.8597795304921,12,12,12,ANNUAL
Melbourne,2014,0.7626767684040865,1.3133199714355825,-0.08761099924340171,15.009210916285669,69.84788180749858,1.4830939823689222,51.905260836426464,0.5706206454926231,636.1245034851061,12,12,12,ANNUAL
Melbourne,2015,0.34240719391501856,1.24571439525481,-0.06811171805908961,14.588494545354516,69.11634409620349,1.4902800137678531,43.56431142224341,0.5681243388513245,662.4926826427621,12,12,12,ANNUAL
Melbourne,2016,1.0144030071656005,0.9989831506888566,-0.09556775963986967,14.768472772842037,70.71484856826659,2.0856616975420352,68.15941504719702,0.6361022335385623,699.7728911796994,12,12,12,ANNUAL
Melbourne,2017,1.1008256578327165,1.346149150372506,-0.08724370053097291,14.787023814391432,69.57922327962513,1.680223828663035,63.652321603800694,0.5611815071549063,638.770076098455,12,12,12,ANNUAL
Melbourne,2018,0.7809479826746172,1.3124250733639908,-0.07531039801390038,14.88175626384884,66.79161578332607,1.6257730528230334,47.59351129441297,0.5647867930790041,687.28954937588,12,12,12,ANNUAL
Melbourne,2019,0.6199450250858276,1.2974133795970637,-0.08098080277828275,14.798049335207034,67.30668500817701,1.8853580649659032,50.184733258378394,0.5617951571340468,696.319937080864,12,12,12,ANNUAL
Melbourne,2020,1.6589991895944955,1.1508395563975542,-0.1048121274405266,14.197026191298958,72.81604412314186,1.5371804899883035,72.03500494413544,0.6453042918162036,663.4915256227523,12,12,12,ANNUAL
Melbourne,2021,1.6735759121364486,1.252758994403316,-0.09226197907643695,14.087366066115388,72.12781440120573,1.8340871854082954,68.43166649608304,0.6253215223837935,673.080667527261,12,12,12,ANNUAL
Melbourne,2022,1.7772465194929437,1.0116621577739386,-0.09263145658242795,14.456676224409437,74.84773874698456,1.5382374962387704,82.12951965812125,0.6226179952507671,634.6285138074792,12,12,12,ANNUAL
Melbourne,2023,1.3841681801858723,1.2518539781867621,-0.09182458952892135,14.61307027397465,72.1220392186187,2.0212222002540563,62.14241342589259,0.6201837587813656,665.1892595589428,12,12,12,ANNUAL
Melbourne,2024,1.1880183041827743,1.1451058428055323,-0.09058710986532244,14.829750626847849,70.73527345994647,1.471983754061278,51.506626466727404,0.5875360232143696,656.9826803518471,12,12,12,ANNUAL
Melbourne,2025,0.7355821775475345,1.1893047330673905,-0.06590004289981445,14.810973979107947,67.77423975397534,1.845834051386083,48.01830506223563,0.5663026902209584,686.9160426875328,12,12,12,ANNUAL
Perth,2003,0.2394456064813104,0.7171130677631568,-0.043397613032896874,18.462797138853862,64.3741303992106,1.8997283396796323,51.042138781305574,0.3860358424986705,675.9376665435221,12,12,12,ANNUAL
Perth,2004,0.20726136075473237,0.6856158309014116,-0.04037162873897179,18.248764080471485,64.0719868508554,1.902140831068252,44.53942189120036,0.3653985251800469,678.5799208891812,12,12,12,ANNUAL
Perth,2005,0.2759616110450435,0.7597585385477226,-0.04570273817426174,17.58879304731857,66.97626921278264,2.2377249646902215,52.76446574206056,0.4216013033376213,654.2502802012294,12,12,12,ANNUAL
Perth,2006,0.05099033096066149,0.8479753538505679,-0.033695034765246074,18.33233489253097,62.85958547603562,2.1730232078498455,39.832448652872586,0.3328960491559648,650.0592292406544,12,12,12,ANNUAL
Perth,2007,0.04362951249578432,0.7453633560401517,-0.038581593047076125,18.119108168744834,63.641686993025196,2.2239655853026368,45.73701488551007,0.3731475056041728,700.5934045869288,12,12,12,ANNUAL
Perth,2008,0.326541481271535,0.5277475255165128,-0.0486620200968167,18.147978827671995,64.15119841271799,2.2581655381154624,60.09931731183656,0.36642824261326506,667.545718722215,12,12,12,ANNUAL
Perth,2009,0.09322286019769373,0.6855004968817465,-0.04226134136535383,18.548590135146558,61.59762838120869,2.4467585340510047,46.283385180388166,0.3730706315493408,672.9767034358201,12,12,12,ANNUAL
Perth,2010,-0.04234241987130626,0.779462946318754,-0.041376657918476646,18.66767597488079,58.9141156604697,2.1400281336336424,28.345993186163682,0.32836327826497547,618.7162738803997,12,12,12,ANNUAL
Perth,2011,0.024380390592092304,0.9594310285376438,-0.04307781033128371,19.44414755648134,62.05468542050804,1.9686303798916143,61.34162712615662,0.355551499152412,705.0185931859302,12,12,12,ANNUAL
Perth,2012,0.25791818036633857,1.1232795517567988,-0.0538507040916871,18.862812301814785,61.89324944978535,1.7627007539447888,44.66135216785437,0.37084823058470767,654.3286890197079,12,12,12,ANNUAL
Perth,2013,0.3528888841651048,0.6921486019695496,-0.05780240540790054,18.97729705260327,64.35791959688284,1.9853152885011924,48.28086429473976,0.3849378803679353,651.8464644710469,12,12,12,ANNUAL
Perth,2014,0.3014668800188322,0.7915291783515407,-0.06123662138243369,18.856346098384524,64.26923595178208,2.1712108209164467,45.003454017285804,0.3788102579092911,634.670794727228,12,12,12,ANNUAL
Perth,2015,0.08644598405741427,0.7525225201918282,-0.05222914285921194,18.837829514418598,62.6850091740271,2.0014624504270278,40.196791359196034,0.35707226978181716,609.2438031914647,12,12,12,ANNUAL
Perth,2016,0.20509660128703247,0.5256878888850698,-0.05180651036303179,17.777380606583538,65.08419571028692,1.7928457222252503,49.87076000697969,0.41368996628590327,677.7629609460085,12,12,12,ANNUAL
Perth,2017,0.30697091106919033,0.517847452429207,-0.052694781883583175,18.30452622597264,64.16203320937696,2.12158413920946,61.9087472293978,0.3602996561046383,636.9330008877319,12,12,12,ANNUAL
Perth,2018,0.2850675991254503,0.7405469166344266,-0.05423246200191805,18.096144821925215,65.79018093185576,2.2240871279778784,55.54326922879242,0.37827720171357376,648.6187278880506,12,12,12,ANNUAL
Perth,2019,0.11672321894868948,0.7631625470643074,-0.04860369657195258,18.55046713074133,61.8037952173965,1.9646670921619724,38.68436024345116,0.3454079932897635,594.4140994925593,12,12,12,ANNUAL
Perth,2020,0.177158225046847,0.707703166104805,-0.05044714210295262,18.740527860142617,62.72826430164034,1.7887485962168208,45.823075561915154,0.406986846970015,675.2304950803622,12,12,12,ANNUAL
Perth,2021,0.3590543940922366,0.7927576615089954,-0.055174461465269393,18.479988406426852,63.41712610462088,2.043739885002855,61.195737214141076,0.4085788956754619,671.4535655409323,12,12,12,ANNUAL
Perth,2022,0.4300280554617742,0.8615950344214292,-0.06039517902081915,18.4657970395559,62.97589703093445,2.0154619597786065,48.00161392556506,0.3555614517695091,678.0863627387047,12,12,12,ANNUAL
Perth,2023,0.26049839013858384,0.5686824234689626,-0.05612201859809945,18.833705645022203,62.11525554022415,2.186747328307296,32.44276224580748,0.35767289435055827,641.4631366920602,12,12,12,ANNUAL
Perth,2024,0.13839926757582674,0.9288729980489422,-0.05252522110285199,19.530053556269845,60.84694289276181,2.433015132196606,46.78093888107787,0.3659524780262989,666.6093091122276,12,12,12,ANNUAL
Perth,2025,0.23006769689472714,0.7282234614158799,-0.05812351414525808,18.839018689031207,63.67864434937377,1.8630412130249807,53.074195590243,0.3367228896944899,644.5930213388531,12,12,12,ANNUAL
Sydney,2003,0.8575481344802119,0.8981908714664457,-0.07103045924688495,17.163293651372072,69.78065025529331,1.5277637586240964,69.512922185138,0.4566014838273054,627.4000273580219,12,12,12,ANNUAL
Sydney,2004,0.8271504924223642,0.9779673471643932,-0.061325410693104064,17.518712770073,66.8590673564748,1.2765424003808357,57.46791157486367,0.4366467638469454,616.4224677667571,12,12,12,ANNUAL
Sydney,2005,1.0802246218482112,1.0407508495947864,-0.06064975986291719,17.634321867530048,69.42739514879996,1.2183326774126895,63.103717062197575,0.4366264800334452,599.1961855289593,12,12,12,ANNUAL
Sydney,2006,0.5834039219553852,0.9126842669466765,-0.05204216501305683,17.49825705254654,67.4173733256984,1.4855532607849444,51.62648784626077,0.44760338904055,627.1386825531159,12,12,12,ANNUAL
Sydney,2007,1.590166952766442,0.901269648339253,-0.08655990879084369,17.601857826650463,71.04350880557917,1.4686242960163316,81.7727386676915,0.45483280406118826,592.0849143149406,12,12,12,ANNUAL
Sydney,2008,1.8783218709262475,0.9747147210998447,-0.07845977592179097,16.863470134070884,70.31369118210058,1.2980431230979326,71.20871283275356,0.48622599034858976,626.4503098566616,12,12,12,ANNUAL
Sydney,2009,1.192868364747712,1.0191430890278526,-0.069443038500185,17.796237039392096,67.86842096768754,1.5597726931726423,53.63719015153759,0.46016008055625274,639.4208050309367,12,12,12,ANNUAL
Sydney,2010,1.5007808881625557,0.788196352616648,-0.07549885593214262,17.48369325451197,72.04919333495936,1.2953858938538159,82.89344143054477,0.5036978716923428,589.5497750864614,12,12,12,ANNUAL
Sydney,2011,1.6094231760516358,1.1495985305042278,-0.08093740129975054,17.198540483414657,71.59388180656158,1.4909259151832537,70.67528254049792,0.5254872530733373,614.1371956557342,12,12,12,ANNUAL
Sydney,2012,1.7894345212550233,0.9419306226424577,-0.07607563224980539,16.951003314725227,70.53077165213959,1.367826000432023,66.19972273862138,0.47822345119853127,596.4293015816912,12,12,12,ANNUAL
Sydney,2013,1.5170509663213771,1.0116399724333762,-0.07746095895243885,17.754016610267374,68.45752702564403,1.3856453566029636,79.65474603569466,0.43840077666525623,610.1686866909553,12,12,12,ANNUAL
Sydney,2014,1.3166270920069232,0.9482350203144776,-0.07099749178384875,17.73419028362827,70.33715288007852,1.4712070886215454,65.73558741501137,0.4700087918991078,586.7611562751025,12,12,12,ANNUAL
Sydney,2015,1.6658836073406773,0.898360624279167,-0.07218943856446636,17.531046557576726,71.49948477938337,1.5016131153028667,81.95413977224351,0.4749552304308806,576.7193711567085,12,12,12,ANNUAL
Sydney,2016,1.4964632754021692,1.080006197947745,-0.06021717168828294,18.164685823304563,68.54563931946197,1.3492047127149993,77.36581991235803,0.4631558307382598,600.8691156810552,12,12,12,ANNUAL
Sydney,2017,1.1195813039235272,0.8125398086174548,-0.06557447523254485,18.028552387294507,68.36017412674003,1.6451521325984395,66.72216518736518,0.45829178412829474,612.1428140577631,12,12,12,ANNUAL
Sydney,2018,0.5354579860064582,1.2316776475195,-0.045124782658430306,17.87670214398388,66.4918252489218,1.368373000009872,47.84413346223021,0.4335352637909143,627.4524393175926,12,12,12,ANNUAL
Sydney,2019,1.0605650711157286,0.8288353126083701,-0.06488869538749331,18.101486566901034,66.21304229312791,1.1709324559334384,49.127976504034045,0.40821220501491284,595.342684390446,12,12,12,ANNUAL
Sydney,2020,1.7452377430202854,0.8644421009247445,-0.07800468070130577,17.59892548518397,71.87687446328341,1.4236235060069193,107.8112230590772,0.5309520842982565,573.5514853963015,12,12,12,ANNUAL
Sydney,2021,1.8455673465689582,1.0035530169771485,-0.06997554964090247,17.020325136706628,71.09562112445407,1.3141458625777673,85.84787754553554,0.4985014629991691,591.6796431735974,12,12,12,ANNUAL
Sydney,2022,1.9645261984846203,0.9491574098300354,-0.08106733408597439,17.103453534633985,74.05044711927913,1.4329277436048604,126.2716965016005,0.5486371463907892,602.1258315463091,12,12,12,ANNUAL
Sydney,2023,1.1926850478325584,0.888848793551111,-0.058623585643526266,17.728058096662707,69.61390560962089,1.1978988741060757,62.577663862768425,0.4204688780741213,566.8909311859486,12,12,12,ANNUAL
Sydney,2024,1.3621628234741554,1.23255317535123,-0.07356497203534763,18.100871868987607,72.39953995230216,1.466608587236318,74.74142431085865,0.5250887518414417,555.6953576867658,12,12,12,ANNUAL
Sydney,2025,1.206423360262021,0.5712958040779672,-0.0759513425044175,18.09528583178673,69.53554579512188,1.4396025060364355,84.70003092862284,0.5094139276096478,616.716217047595,12,12,12,ANNUAL
Adelaide,2004,2.256890525272451,0.8809612050248723,-0.030245900509997065,20.136045515155548,55.096813823404396,2.272550930659818,19.32102546515894,0.3441299951780392,662.2637760866947,3,3,3,Summer
Adelaide,2005,2.6832742931445352,1.0316207234495423,-0.024428158189236632,19.668501967672523,56.53437142838069,2.274001527659498,27.264256603007123,0.40617926474149746,719.7753391314836,3,3,3,Summer
Adelaide,2006,2.9969939574711666,1.162845679948657,-0.03878250899848263,20.33118265350679,57.576887137252676,2.8127431953489648,27.27027718730774,0.39478988511999497,669.2046265877225,3,3,3,Summer
Adelaide,2007,1.7582267491060577,0.6450165702803753,-0.0232541474058541,21.230019005593917,52.234088425474596,2.1764839273665175,39.92658504552324,0.3488798304846636,706.2625949644686,3,3,3,Summer
Adelaide,2008,2.189823590025218,1.1440828957886804,-0.040626751159204104,20.24147834587126,52.51175054684932,2.796010337593493,19.35454502846725,0.33287143152382814,729.0425247297532,3,3,3,Summer
Adelaide,2009,2.3542468294307093,0.6462105842700119,-0.032623130642035335,20.64178714120798,52.154090236416636,2.2379515421810314,21.739671862367214,0.32549309528384596,699.263019975658,3,3,3,Summer
Adelaide,2010,2.678946036580662,1.2579465090614927,-0.03687521995211997,21.322183819252704,51.99000157274768,2.2881467106168496,11.428188514784877,0.3384922264822592,678.0214915992668,3,3,3,Summer
Adelaide,2011,3.2522315755190547,1.1261374653547982,-0.03258451271823007,20.456043701831653,59.74270672356746,2.0484579078477916,49.76940927312279,0.43465753977016225,616.6256634243566,3,3,3,Summer
Adelaide,2012,2.680742560448375,1.3721405125277581,-0.0379710690673172,20.570139318826246,55.40227579593627,2.3553709590108265,31.36115569054805,0.4181758386752781,715.2786426335442,3,3,3,Summer
Adelaide,2013,2.2960277920803356,0.9479863121425307,-0.0321258342919458,20.82620720793118,53.12700818029882,2.2939077785622133,12.707076274782702,0.3343270120749908,697.4638036287988,3,3,3,Summer
Adelaide,2014,2.357077971782857,2.2191508620729343,-0.03138084102206463,21.075615168564926,51.88146039027081,2.1942752823926046,28.8498680647893,0.36768492999116803,654.5419226663048,3,3,3,Summer
Adelaide,2015,2.2099023611789455,1.4338508876674776,-0.030153065275018234,20.437362511321343,56.86728440501498,2.5622272183594426,23.30504036312824,0.37280689217547863,677.1550358613913,3,3,3,Summer
Adelaide,2016,2.2132045038082686,1.2283078752086112,-0.0317681779747723,21.396319688112275,53.11684899107772,2.2420530327367443,20.229755188434726,0.3785599188423853,677.7888265732672,3,3,3,Summer
Adelaide,2017,3.387578041373421,1.2277123624375728,-0.04503962389487826,20.441916937197334,58.83386588566969,1.5603128792967034,44.58254910890986,0.40019076798046277,636.1987902586276,3,3,3,Summer
Adelaide,2018,2.5389087199517064,1.5018580139956874,-0.03360414584843804,21.11128522390743,53.9052435213184,2.204773055402686,11.884271625707242,0.4129596986757423,663.8015608440268,3,3,3,Summer
Adelaide,2019,2.2784940794912196,0.7822724992959037,-0.033506458059361637,21.67103070837796,51.304466238648835,2.3063130466144024,10.984107285965507,0.37870500813286273,650.391088416908,3,3,3,Summer
Adelaide,2020,2.3293737274727655,1.3018830480310843,-0.027662117266022097,20.460456928757807,54.276871591882035,2.462352084753127,17.584689621019695,0.3807701947374645,664.5510922315846,3,3,3,Summer
Adelaide,2021,2.8767586508117424,0.9544349735067872,-0.0331448937513602,19.41520746708112,54.79116761516757,2.4377433679423124,19.891001359373238,0.41994272185135445,756.4508177787288,3,3,3,Summer
Adelaide,2022,2.7856080955001232,1.392725202989259,-0.0284844304758189,20.10278691751962,59.15786888159403,2.602650506797483,29.11733403520546,0.3856046635699328,665.6780897742784,3,3,3,Summer
Adelaide,2023,3.372915047767014,0.7903192298875149,-0.04194805675115087,20.048155005611868,55.91779460119334,2.408270498740238,17.382079851923727,0.32433882799845676,676.0874745616752,3,3,3,Summer
Adelaide,2024,3.0297013499336614,0.7305078172098293,-0.03263222581166483,19.965956562497386,61.6953092714727,2.5209019110661814,41.101093926409,0.4057623286123874,562.0934095811789,3,3,3,Summer
Adelaide,2025,2.064950354295464,0.7967021338686031,-0.026294652352739964,21.43214356013047,52.47388617751373,2.3454769586780246,5.967197474910189,0.2932401081365181,677.2909168438756,3,3,3,Summer
Adelaide,2026,2.970485924217208,1.0521279051781054,-0.0388253418882447,19.293981490736343,51.09135804385176,2.1351057763503407,6.313671503271903,0.3160862085859835,672.0245767569417,1,1,1,Summer
Brisbane,2004,1.6479045784779913,0.8215165066079327,-0.038409556309063266,24.963211797487148,75.22669785751765,1.3149577544027362,137.8062953498134,0.5374618005163295,654.4520485935976,3,3,3,Summer
Brisbane,2005,1.7093074691338448,1.1448919648243898,-0.05957830625763046,24.218025874455254,74.4157268710908,1.6639781179491695,85.7029880949111,0.46948089115983294,689.4049247553131,3,3,3,Summer
Brisbane,2006,1.8974147237724779,0.9180465338157795,-0.04739372453994243,25.36401951899825,74.83122684233057,1.8772760374122843,81.99812588139706,0.4565948486921874,649.2097052161982,3,3,3,Summer
Brisbane,2007,1.119487237911386,0.7959409365005996,-0.029309756154856603,23.364896464161898,72.90735045149091,2.3482389260326713,65.90694361411406,0.5608053663744648,715.0720198783375,3,3,3,Summer
Brisbane,2008,2.2808952840875185,0.6137752302653136,-0.0519549649343015,23.53087700011309,77.5993348579381,2.332840541560724,140.171645618341,0.6729957805563997,688.690976027001,3,3,3,Summer
Brisbane,2009,2.2342571810371203,1.062401752978418,-0.048099729121849295,24.303704028097783,74.07537232236534,1.8758820200781505,112.2210293591113,0.5692044361122075,690.22941719129,3,3,3,Summer
Brisbane,2010,2.0522571367479805,0.9320569737026195,-0.0525301818736956,24.8087160663804,74.12781160364385,2.0545944764245694,106.37817876621767,0.5522803204079317,663.6234784115078,3,3,3,Summer
Brisbane,2011,2.5107762966892175,0.6951231236039904,-0.0621069912666208,23.984337788113947,78.51304503761992,1.958062431552891,279.7732516315744,0.5938246091912647,629.5283455903812,3,3,3,Summer
Brisbane,2012,2.378645244231501,0.7326957596653045,-0.05554349393310717,23.25370949263997,74.8223901215339,2.1510979476534224,213.86066431219206,0.6233483030992998,688.1479213081147,3,3,3,Summer
Brisbane,2013,2.0539453477786425,0.7099346961031056,-0.0541507829733748,24.260594887487468,72.03481419576951,2.1196545585597586,194.221771630181,0.5675599783611368,744.4303387080063,3,3,3,Summer
Brisbane,2014,1.9447183541467084,1.184885245504771,-0.05606294255961234,24.050333460393862,69.73410043128243,2.08406440406407,38.24156833042925,0.4924630430668729,752.563184642263,3,3,3,Summer
Brisbane,2015,2.0744360956763734,1.2044052580754574,-0.04646345245674783,24.332246467039,76.25572559388371,2.0668656659622817,182.45647907333748,0.5531985670868677,674.8759053519499,3,3,3,Summer
Brisbane,2016,2.0147587699117486,0.8088158126235842,-0.049462805878270566,24.07973240480514,72.26721899197746,1.8277030687367082,105.16111674318495,0.48368643879184664,722.128741992527,3,3,3,Summer
Brisbane,2017,2.0417769534604395,1.2762646519579175,-0.060594959862539065,25.34652637058315,70.87040156766815,1.9764700558231338,57.09469535615347,0.48054599074949483,725.5314274040361,3,3,3,Summer
Brisbane,2018,2.5006242901911357,0.9857455350683763,-0.06883924637257101,24.47675009893193,73.33831761553888,1.6166373742252516,111.85130882848428,0.4613374796994545,665.4122192853152,3,3,3,Summer
Brisbane,2019,1.9019504338607713,0.8814075453013229,-0.04918702065119764,24.887063353425336,69.50482734330802,2.613086491543752,58.21875489423045,0.48962705330386685,814.0273651102971,3,3,3,Summer
Brisbane,2020,1.4723367341005418,1.017189010199188,-0.04455215541036996,25.202082302601507,73.5807088596042,1.7545651122815398,196.09658120931024,0.5314591470887008,634.3445108200573,3,3,3,Summer
Brisbane,2021,2.161289754308946,0.588547353709186,-0.057698485734666606,24.245420532972247,75.42789440885622,1.9203818253029883,132.34382708676068,0.588579569112402,682.0078783647401,3,3,3,Summer
Brisbane,2022,2.7356353738336865,0.7742406553494376,-0.06513156296847333,23.72489210296739,77.43059194282483,2.2231151310256076,228.32576236065756,0.5532601310361901,679.0970465064374,3,3,3,Summer
Brisbane,2023,2.3256558898841937,0.733961257678537,-0.06494562246755943,23.647720593019688,72.66043798496695,1.8904233329088902,73.44315134846748,0.5348895489777425,698.1332150704766,3,3,3,Summer
Brisbane,2024,2.475068515581127,1.1069555111676763,-0.0762498209286908,25.429772929143308,78.29778205822129,1.801702711357918,155.60835533666946,0.5873084053174522,616.3519255676929,3,3,3,Summer
Brisbane,2025,2.362351062844533,0.8095966648322298,-0.08404600548115193,24.676618958523324,76.9922046447728,1.935094012383584,95.15934724935902,0.5309418155285281,660.3560264292723,3,3,3,Summer
Brisbane,2026,2.233526369617202,1.0908512445337664,-0.0730318295673841,23.966544118558065,72.03192790317478,1.1662979196480607,76.06414206638986,0.4778108085112603,699.6936666501017,1,1,1,Summer
Melbourne,2004,-0.4931326727632026,1.3980684049152068,-0.0140657279845423,18.141701955173165,63.67896156036847,1.7252038260717437,40.199834168495364,0.4920310254930331,711.9845307991908,3,3,3,Summer
Melbourne,2005,1.1720082384846056,1.308641177474635,-0.03756677212748486,17.91843861604613,66.36642784618991,1.7311453617315224,75.63648072879832,0.5649255995369842,716.8140658837968,3,3,3,Summer
Melbourne,2006,-0.006675022459750342,1.077069076478378,-0.014172739848814434,19.157393673171544,61.16429168379623,1.8808430563374745,48.198181163351904,0.47767411647456043,762.8370445701457,3,3,3,Summer
Melbourne,2007,-1.057950846627899,1.3116217606496583,-0.008854272513960867,19.774604917020024,57.6058977319635,1.6376063917841979,45.468759726778956,0.4954357969077758,774.9342998542138,3,3,3,Summer
Melbourne,2008,-0.40994087669695034,0.7907215454417749,-0.0183089137778039,19.198572987547106,61.66458871842443,1.79337961884072,62.19005297790483,0.4814882626469057,757.9450028958972,3,3,3,Summer
Melbourne,2009,-0.7950309152401402,1.9112941757343342,-0.019358907756091233,18.747129404853794,57.53806653651517,2.0984271545723256,36.93851761015295,0.47797370031043246,807.1768516185989,3,3,3,Summer
Melbourne,2010,0.22428274958623717,1.6437234297258947,-0.0344732987834688,19.530579370425386,60.34063954505654,1.7215657728914209,54.65487405186281,0.47729825757450567,739.7452567904203,3,3,3,Summer
Melbourne,2011,2.828404518872347,0.9999328283669596,-0.08092390523230757,18.518749506714325,71.20457563252891,1.1666869464459257,101.83093759651676,0.6019178596862041,672.0685616289535,3,3,3,Summer
Melbourne,2012,2.083589117101859,1.575376553155694,-0.058633597080788136,19.325022390125287,64.01214771536422,1.3835032870672952,70.48120307134256,0.5195668965471548,770.1698125510264,3,3,3,Summer
Melbourne,2013,0.6839094300839198,1.730545364647017,-0.03360948449951907,19.611971189892667,58.382636073622585,1.94674936899641,38.22152348222974,0.45048915560692687,787.4707249666135,3,3,3,Summer
Melbourne,2014,1.1439023387934064,1.6060486918611752,-0.04771385123378671,19.51144320749621,59.07434497098975,1.5651182483614885,35.04550132312262,0.4874571923722477,739.5278816086783,3,3,3,Summer
Melbourne,2015,0.5887332440716904,1.4446310745254631,-0.02800185958491817,19.23619685066505,65.00508004511065,1.7399097633811984,52.4989118039941,0.5407983090252456,733.9260899200304,3,3,3,Summer
Melbourne,2016,-0.3707600783941298,1.192481364869699,-0.01967652710087237,19.852626604859186,61.016822331587434,1.7599868548420237,44.93519296951615,0.5369544342223479,734.1973550811849,3,3,3,Summer
Melbourne,2017,1.4589491652927105,1.142532626514992,-0.044093565697828165,19.28643763919727,60.0815548991748,1.354411795100505,43.9939245351085,0.5132238823101524,768.0407286943124,3,3,3,Summer
Melbourne,2018,1.1730207450755497,1.8386040501295564,-0.04602146588076043,19.890989631196046,61.89701617636751,1.574910959090822,71.86805508722667,0.5426822271717379,723.9491591227703,3,3,3,Summer
Melbourne,2019,0.6931201862420243,1.283162791405416,-0.046030705890044536,20.362708549738162,60.234923599744114,1.5241760304143028,36.49035458710175,0.5025212486541702,697.1186895736954,3,3,3,Summer
Melbourne,2020,1.226574156155575,1.5614062892396798,-0.04278975570746977,18.746975819823806,65.26439505344929,1.9689023466339066,64.82225914966499,0.5894394760736672,727.3110045977637,3,3,3,Summer
Melbourne,2021,1.9076442773683933,1.4205458978716596,-0.05099405635526407,18.080935530538984,64.72452274973226,1.6514462666126761,67.77652328800333,0.6054733735979456,766.5041267251839,3,3,3,Summer
Melbourne,2022,1.8534482240470638,1.6492186793184593,-0.05968246523983014,19.655541484243027,64.24068684189133,1.8734982106943168,60.12958456037844,0.5271975515015804,726.3795279195205,3,3,3,Summer
Melbourne,2023,2.375782887221179,1.324246879192076,-0.07313261840586767,18.759323977827517,65.0395943741398,1.6645752927306134,43.58354756395645,0.5264141558019496,727.1971826595958,3,3,3,Summer
Melbourne,2024,2.2212481798829216,1.2660520643281543,-0.0730541530528211,19.121497146906464,69.07471967343861,1.6602459471530597,75.96790738665133,0.5824656990157827,698.5718473173657,3,3,3,Summer
Melbourne,2025,0.6870798906585023,1.1752946180568056,-0.0355205184017409,20.203566944439377,59.72786534750609,1.821222069273258,29.551456984502067,0.5123207114929861,810.3582933816238,3,3,3,Summer
Melbourne,2026,2.01027628848799,1.8249099043564456,-0.1000294312054678,17.14381503496351,60.33076695268485,1.9340346280728788,37.06103882904666,0.5921436652001844,790.7025578373558,1,1,1,Summer
Perth,2004,-0.4546536659151954,1.3410968359648507,-0.024496754864665234,23.493900121632265,55.51565200340816,3.3202055341126733,6.50704140365805,0.178641141865986,681.9514232343273,3,3,3,Summer
Perth,2005,-0.567781954823784,0.8634406186933296,-0.0230931410125385,22.844158008330623,53.03577670463204,3.2209196858529876,2.217977062613929,0.25821202622920664,685.0437211957448,3,3,3,Summer
Perth,2006,-0.13729848218463536,0.8765498905447148,-0.0175288984982112,21.527892623069473,59.3448735257233,3.54478037282488,36.76340137650126,0.28220826812767213,734.4489332031923,3,3,3,Summer
Perth,2007,-0.9194409714598398,1.1631202597957486,-0.013411557292353765,22.818450418581566,54.75899090615303,2.6946305427949135,20.58171057259616,0.3185335494978951,708.9319725273558,3,3,3,Summer
Perth,2008,-0.5311988251551844,0.769839159360572,-0.020901624239618968,23.73286498696992,50.83706680200504,3.5053808900974217,27.238472263853208,0.2732258634159715,787.9820603291028,3,3,3,Summer
Perth,2009,-0.32850821369665084,0.8559303799707584,-0.029336081140685564,23.2588763993226,54.485181562393144,3.5948978776592164,14.519637222686208,0.215787031574032,694.7555048687858,3,3,3,Summer
Perth,2010,-0.4399568405856182,1.147123622939161,-0.02954472208476967,24.462668539590904,48.016409783852005,3.3856344162470315,1.0299994166763056,0.2583364938829914,664.5723617848566,3,3,3,Summer
Perth,2011,-0.9573305749363049,0.933953446982437,-0.021098510002505035,24.918236822914164,51.29495052133291,3.420026128045862,17.732647763728437,0.25929760815816094,768.5517948484979,3,3,3,Summer
Perth,2012,-0.0613633486456635,1.3375258328969994,-0.03849997210127913,24.397151630051493,53.75343256474773,2.971246772209511,44.09844387828657,0.3329002265583818,775.5171950704231,3,3,3,Summer
Perth,2013,-0.3921521475721808,1.2163835116252955,-0.03344618211567107,24.550913657641914,51.587919555393135,2.601856440847333,16.16085325660193,0.2837325955610632,699.2477164205969,3,3,3,Summer
Perth,2014,-0.34546842334562905,1.0900880113823348,-0.04303555270154787,24.143246527883104,49.13228938378393,3.4143847291545657,3.7719617272213646,0.15971191904878432,735.451460428284,3,3,3,Summer
Perth,2015,-0.36355067128194446,0.8229298484506214,-0.03826480286463976,23.724785500283588,52.42774180052587,3.2533149547889555,1.8189228462587892,0.2515762564877216,666.2043675961701,3,3,3,Summer
Perth,2016,-0.6918699006247877,0.2935904139621866,-0.02699326624127357,23.666100102774124,50.86421556744148,2.616415013306705,12.74556451425049,0.32559575808663216,734.7714395621796,3,3,3,Summer
Perth,2017,-0.29713696313792326,0.6349585659039386,-0.036670349262925166,22.26478924853299,56.17495600452606,3.4222091712926646,82.04575754287366,0.213790987144572,671.7395566541462,3,3,3,Summer
Perth,2018,-0.18284561088512183,0.8216019802086372,-0.0377617248631779,22.756306067362107,56.63153773100105,3.2508692870998037,55.443377825317434,0.20703550560812523,702.1737329286898,3,3,3,Summer
Perth,2019,-0.41369510418712946,0.811700986042491,-0.03841006470333643,22.57291013666317,54.81697498416444,3.301135892438154,2.7811641910443115,0.23384331174714137,629.322512245573,3,3,3,Summer
Perth,2020,-0.5483994195676564,1.152782875458995,-0.0333979219212938,24.201810802830938,51.61467188428995,3.0614794297264445,18.09026903029032,0.29531766866700776,684.4821584265834,3,3,3,Summer
Perth,2021,-0.39685549148194593,0.9991843765587495,-0.03569763417208737,23.817835546773924,47.08911075954975,3.1267722709259,15.341033050587967,0.24061795346454307,808.1452873761773,3,3,3,Summer
Perth,2022,-0.17089508241502924,1.3372716203058854,-0.04429685742462023,24.91977562808927,47.135518719340475,2.991774855435274,2.2025218158266195,0.1510381292155831,739.5711817455093,3,3,3,Summer
Perth,2023,-0.040734405460895524,0.818584249565081,-0.0393617204727873,23.617460588095867,49.03193228042812,3.2443973069665044,1.735395793189224,0.16311227031928793,746.556062233703,3,3,3,Summer
Perth,2024,-0.504474027448938,0.9317077304831507,-0.0368776476275723,24.869864452880716,48.05816505933419,2.9547719373636916,6.006083420681552,0.27517447230233205,706.2003855840184,3,3,3,Summer
Perth,2025,-0.3799385340721244,1.3367414468081833,-0.04070141326245127,24.315300731777427,52.94415102138806,2.7458947460028647,4.222687356960699,0.2404848800688015,701.7636935732297,3,3,3,Summer
Perth,2026,-0.0082830473223722,0.7428900847551212,-0.0466987784171728,23.143028158183927,50.53590110697756,3.217848822364247,4.262965781841713,0.1145585561942455,787.5427017685791,1,1,1,Summer
Sydney,2004,0.6754399814476884,1.0536246596681444,-0.051022366275123764,22.325271571018632,70.17998892139728,1.2590347491703195,61.92663109377893,0.5469268116923311,629.0974241706507,3,3,3,Summer
Sydney,2005,1.8920608420333427,0.8287853997071597,-0.07430354362483306,21.526535029118758,70.88847678998297,1.3189168321051126,100.6208368425395,0.538454794915359,668.6906670342946,3,3,3,Summer
Sydney,2006,1.4984097138368995,1.1873698274055495,-0.07263516379661879,22.834912293593906,69.62330230446335,1.3099885661331456,48.766667248733704,0.5109746704232041,662.5215657390135,3,3,3,Summer
Sydney,2007,0.442201430852883,0.7401444755591685,-0.0378939520660192,21.700151346943695,71.57223323741498,1.8719844261560927,77.50443235413476,0.5167203015474539,651.4089299190896,3,3,3,Summer
Sydney,2008,2.938806869522189,0.827407033219958,-0.09969137668691147,21.0877022703054,75.09855738292822,1.5420885693867215,117.99044651855064,0.6270023756675659,654.7120983542574,3,3,3,Summer
Sydney,2009,1.6998101289643255,1.3077331881708698,-0.0551867428651328,21.893318037093206,68.70548182926392,1.5236152758636956,70.522566527363,0.5496363411337187,708.6921406517221,3,3,3,Summer
Sydney,2010,1.0594184629272452,1.0746706037270808,-0.05396868149366497,22.627179212174827,71.1657729173538,1.326205681464563,107.1191307393584,0.5850045862284862,655.8424936272414,3,3,3,Summer
Sydney,2011,2.3237810713468363,1.2137548418710995,-0.07862992566202236,22.532325777525163,72.55482746377771,1.2557841126359837,55.528138073541186,0.610742016245872,629.9752482582206,3,3,3,Summer
Sydney,2012,3.0958582125374945,1.0977236291568542,-0.08829490675903164,20.45212935161435,76.19321954412793,1.575741290213424,125.53950331839509,0.6554835257957232,612.1372602401403,3,3,3,Summer
Sydney,2013,1.6801457721245292,1.0190938058698062,-0.056870791819565836,21.888700590877022,72.1159124726414,1.6262646657340474,126.29945184084067,0.5544488123934067,670.7631997199875,3,3,3,Summer
Sydney,2014,1.2134445183692957,1.0516084811382183,-0.05642870136379813,21.85270858030812,69.1387296339858,1.578938114743911,46.23216030810331,0.49926608883326334,648.9829130632646,3,3,3,Summer
Sydney,2015,2.421249005131133,1.137225290087148,-0.0805681526589959,22.141768596389824,74.60396213321435,1.3839999913392624,101.38354521266389,0.5456407840255878,623.5112333312281,3,3,3,Summer
Sydney,2016,2.2430315130787215,1.6969108290454962,-0.06987306044179763,22.158938935692657,71.30579717128329,1.4584701776010494,108.64836151867638,0.5115158460745172,637.6349419406874,3,3,3,Summer
Sydney,2017,1.001235273772733,1.5133071682048786,-0.044035660203279335,23.736097985009874,67.80244337326054,1.317081221716365,61.66946170023746,0.5648903779188793,671.2348717593674,3,3,3,Summer
Sydney,2018,0.31727436744661003,1.4433729336302683,-0.03460844089771453,22.87612545589114,67.8624100098784,1.4075550755427884,61.44650361489869,0.5453767691184436,678.0874113299876,3,3,3,Summer
Sydney,2019,1.6956197112899243,1.090242207268729,-0.07377337088247064,23.226095527408557,71.53215791166382,1.3174362133488058,52.51761307702037,0.5332838996093271,572.9854067046765,3,3,3,Summer
Sydney,2020,1.2548867782934394,1.4518966984128063,-0.041805068311683236,22.781165394949113,68.67843000726475,1.425111490436036,130.30180960470446,0.5649346026634894,656.657049603059,3,3,3,Summer
Sydney,2021,2.693690787778351,1.9347849335575902,-0.07900682944523109,21.40464973917848,73.42360689439768,1.3757285950399616,99.64069590525422,0.6233231161443354,662.3578339746581,3,3,3,Summer
Sydney,2022,2.8201650485112686,1.514427598215829,-0.08794445767633775,21.723656530174676,76.64252428245281,1.6690013050875319,121.3619174635282,0.6546482548429006,625.9255717911097,3,3,3,Summer
Sydney,2023,2.0865657919540417,1.3795205466037388,-0.07733995427048246,21.249362266629117,70.12939991760125,1.1994301997169536,74.08020137504954,0.4990168927419641,679.0248851769798,3,3,3,Summer
Sydney,2024,1.9079195372267463,1.5647874586644999,-0.07223617370323064,22.892032586093006,75.69881460566512,1.324280648125766,95.76706727895622,0.6394352065587717,596.4801143756318,3,3,3,Summer
Sydney,2025,1.5495661479807126,1.1342472391400047,-0.06415366214366766,22.566939193194212,72.60277858875226,1.4894854032801021,70.28663931003652,0.532368397074157,640.5387469269863,3,3,3,Summer
Sydney,2026,1.114146639407231,0.4614215362271352,-0.0769687488723724,21.66356300771536,61.68416816791639,1.0336812466259808,79.4071911104876,0.5883897638439541,773.7709609059197,1,1,1,Summer
Adelaide,2003,1.4058721470370887,0.2446254152594695,-0.08803835090909436,10.54984802815131,76.74725448378713,2.5799644943322715,71.85163181606083,0.516351742565495,635.0041682946008,3,3,3,Winter
Adelaide,2004,1.4165786654334536,0.5983234122024035,-0.0886023466358125,11.128001150010897,77.37975806841769,2.5523724870581757,83.0071706882016,0.5144938581208253,643.0477800703006,3,3,3,Winter
Adelaide,2005,1.2910647316314403,0.1525143008956403,-0.0581263524791176,11.48646359566726,74.83947029736841,1.9658076293406375,88.35563032294304,0.5119580278330891,571.2881398226117,3,3,3,Winter
Adelaide,2006,1.529083663073349,0.4141951093576723,-0.0807290924612978,10.431999066552214,74.67788762551949,0.7379890261956513,28.59078145166539,0.42288571038031614,461.03846616400966,3,3,3,Winter
Adelaide,2007,1.5196393453317103,-0.005959261607145536,-0.08658315779090764,10.586366097757349,74.55711251740581,1.8031981682006772,32.398153670381824,0.4703103561785364,582.4383759629387,3,3,3,Winter
Adelaide,2008,1.5497746243842645,0.6319130359893009,-0.09218929549662026,10.561166152985052,76.71893893545676,1.704788086752038,77.07195407760678,0.5337661272882531,628.3593278278486,3,3,3,Winter
Adelaide,2009,1.6310816360841685,0.5725937047819801,-0.10040577862176048,11.569218938193819,77.23829271132568,2.9092870320199906,66.25745769117442,0.5134704144496144,630.3976101482936,3,3,3,Winter
Adelaide,2010,1.6169032630931788,0.28948453696062487,-0.09507437872816754,10.385876004667892,78.41835549675953,1.7171120028760545,73.62698615422816,0.5420342260535514,574.8072686784898,3,3,3,Winter
Adelaide,2011,1.5653316266985478,0.9942111824255925,-0.08896204971206234,11.255865711902345,76.69566687336498,1.269070379814951,52.96636942772549,0.48716539149348154,547.4994261821145,3,3,3,Winter
Adelaide,2012,1.4302217169104778,0.3868446436680871,-0.08088687288121976,10.454372385079425,78.17239718033231,1.5600470349189124,64.45451965838684,0.5148189624424417,577.7826084548793,3,3,3,Winter
Adelaide,2013,1.611122236309619,0.6269275178691602,-0.10220147439782183,11.529332880051868,79.49708588121932,2.308342972364816,82.36939510713863,0.5526577300871408,588.1370185117049,3,3,3,Winter
Adelaide,2014,1.6233544960925095,0.8243428716081794,-0.09818805730728197,10.969937149870503,77.56767721716889,1.8600280072660045,57.15860091711044,0.5455336200596594,570.5244705824898,3,3,3,Winter
Adelaide,2015,1.6454571866690095,0.36578429951604247,-0.08595183807911866,10.392870521416578,77.73971515709978,1.1421367403773568,45.34529255650997,0.5705100980389363,542.8631123992628,3,3,3,Winter
Adelaide,2016,1.6252441236188993,0.4994319252935308,-0.09540180045420897,11.05792737655941,78.44765635037042,2.1499384837992896,82.87133391880617,0.5731030575344168,619.6280752614197,3,3,3,Winter
Adelaide,2017,1.5434562070307762,0.3189206347800018,-0.0782556763951617,10.73948032898191,76.19043055792596,2.084823254633252,69.50627859129924,0.4919922131128432,537.3399697375804,3,3,3,Winter
Adelaide,2018,1.5716617131891806,0.7603330379714978,-0.08785091070222634,10.9983582021288,71.32003428326287,2.454279538451168,60.10360079654516,0.5431444211000367,661.1254060268726,3,3,3,Winter
Adelaide,2019,1.5350935179725849,0.47573158191699133,-0.09776143812207193,10.78317383950572,75.88129607338492,1.8652948420910496,53.933219275583404,0.4975224292619764,576.9029364573636,3,3,3,Winter
Adelaide,2020,1.6024408135640857,0.3717645516875579,-0.0876137969623391,10.213992052680036,78.5182603384416,1.019054456128843,50.938654681039765,0.5143498697122713,501.78607498125666,3,3,3,Winter
Adelaide,2021,1.4807127322483682,0.5355372788298801,-0.07915045685816206,11.164161626668667,78.04763776264939,2.2484546769117837,75.93388149685683,0.5659043369317697,603.6327848482127,3,3,3,Winter
Adelaide,2022,1.4838502836752674,0.5983038544557445,-0.094035312551637,10.765090778682278,79.33808574888197,1.7746603694929497,71.31727874103355,0.599593743353724,605.0330816649567,3,3,3,Winter
Adelaide,2023,1.5768521351022684,0.4100225497414088,-0.09010066084028036,11.478773504101826,78.45459004007965,2.185962334767271,59.76954754502132,0.5342643571301035,564.7967506288081,3,3,3,Winter
Adelaide,2024,1.3939395016755007,0.26777799363035965,-0.07068281838968381,11.427543252739573,76.13618795889512,1.7999494409390673,54.12151380574056,0.5563412636192311,548.8375424211245,3,3,3,Winter
Adelaide,2025,1.2146417485019942,0.31984351247463455,-0.07619986008956747,10.85594930722255,74.89178412471774,1.870288810818294,75.06007385356993,0.5628519885331582,612.1115585758049,3,3,3,Winter
Brisbane,2003,1.0694829840922762,-0.04537195409360414,-0.039742020181445466,14.948165644905709,71.792590841729,0.9626525509438606,35.96907756129851,0.35093144713829644,457.6569151002295,3,3,3,Winter
Brisbane,2004,0.891734249255452,-0.1043185871457582,-0.044989807555371436,14.740019423530802,64.05773728166696,1.2171003892050962,16.894896053138492,0.21372565800181767,505.06075003872843,3,3,3,Winter
Brisbane,2005,0.8380262935593864,-0.2616527358869263,-0.038430565783219635,15.321274054080712,71.87468904772008,0.8475543899819099,70.2138087119616,0.3687154849202278,505.6455766254658,3,3,3,Winter
Brisbane,2006,0.9297523327933833,-0.05037873688819692,-0.042548934968057534,15.110033371506569,70.51508200437644,1.026157461454899,90.79866553457644,0.30594832848622017,455.86077662036786,3,3,3,Winter
Brisbane,2007,0.7055786932395604,0.25574536900126255,-0.033068301245164834,14.591904863232633,64.57476190943642,1.583777763148044,73.92919303343636,0.34536628334098324,525.4385608249719,3,3,3,Winter
Brisbane,2008,1.0255395768970434,-0.19996568179360943,-0.0397807586309921,14.752591593114767,68.47400615052649,1.1214641561058083,78.2079300296166,0.34914043326147537,463.1860906677848,3,3,3,Winter
Brisbane,2009,1.2426245699207736,-0.10061107199089865,-0.053882349834078365,15.332742735457032,70.45858018035894,0.9501809118303132,31.12717962969707,0.2530030029705173,449.5176995356899,3,3,3,Winter
Brisbane,2010,1.083877041076209,0.4030312975798829,-0.050648656741460435,15.11463023191916,70.40922569947219,1.4041730353656863,52.9391330684957,0.4228130832402714,484.92268588540475,3,3,3,Winter
Brisbane,2011,1.2398612786136252,0.015220542494533973,-0.05549727805897956,14.454963005961451,67.79342207743049,1.49154075734692,31.371724078826094,0.31838464365004593,507.386934968518,3,3,3,Winter
Brisbane,2012,1.303753526575522,-0.07564517309106003,-0.058615120863084534,14.742644451475853,69.3968746822733,1.4046928494170985,64.95433178298914,0.32674433299500555,496.4837663691919,3,3,3,Winter
Brisbane,2013,1.3463156140658914,0.3257314597245564,-0.06348989888959987,15.598806831812297,72.3437936591087,1.2819962874813038,56.70849609694351,0.3758102991992723,434.2489107997892,3,3,3,Winter
Brisbane,2014,1.134040892486951,-0.20509433347838466,-0.0543860707428023,15.086695514654243,66.95847564121614,1.450953879747481,49.09332791187017,0.31677717448244325,527.8269812088581,3,3,3,Winter
Brisbane,2015,1.3133959677399705,-0.1451383386315778,-0.0633635705692356,15.034074264912126,72.44762336524558,1.2182465833520648,37.84553404160865,0.36008403033715486,455.73447549492107,3,3,3,Winter
Brisbane,2016,1.1378824246595112,-0.004936013007692197,-0.05179436938784746,15.75269856954383,70.31078139449988,0.9374051053918917,78.35495469853817,0.4239894325611522,515.2532948373057,3,3,3,Winter
Brisbane,2017,1.187400390301543,0.010425276114040935,-0.06247653791284787,15.733802088610338,65.76065309207563,1.2409092922304268,24.202098502809815,0.24524629999681377,482.27891417063216,3,3,3,Winter
Brisbane,2018,1.186525492208137,-0.2275846578943117,-0.05099143203056383,15.040781510063363,63.86207674856713,0.9261072637637991,31.74321218940318,0.2599496602488352,459.00403037087807,3,3,3,Winter
Brisbane,2019,0.958805014774228,0.18899710956005392,-0.045994714124832636,15.45969233577857,68.40788389286121,1.0351828456991004,32.71783798612348,0.30903921767504916,474.45016515341234,3,3,3,Winter
Brisbane,2020,1.0854302492733225,-0.06319682836211331,-0.0671790164178291,15.338066215934589,69.19554619098245,1.3255162428875542,32.11405144931047,0.340564452587141,512.699213249322,3,3,3,Winter
Brisbane,2021,1.3544674814189779,0.024565122969318565,-0.057905963638016,15.074557184521053,72.23164769272704,1.0234764468803526,38.747978690700435,0.34447533941091907,448.97624382776877,3,3,3,Winter
Brisbane,2022,1.3738347610765682,0.11654734236374743,-0.0609429701152203,14.155984280542079,73.12314720761782,1.2393147294053848,51.05241926054544,0.3831283941734734,431.2623218829981,3,3,3,Winter
Brisbane,2023,1.0644591507932237,0.1336828221711113,-0.05103052667583224,15.680047415270996,69.48859479245074,0.8331386804307656,21.71366571744305,0.353892419685738,457.7348984448649,3,3,3,Winter
Brisbane,2024,1.1544634526409443,0.19839698549598003,-0.06944507525257643,15.621591388712096,72.25865526702839,1.2462256244268237,47.22523360049109,0.3191852337401474,449.30556186690006,3,3,3,Winter
Brisbane,2025,1.0070901020750778,-0.03434185758533793,-0.07538314317202223,14.777645650038602,71.70012714994779,1.581975511150025,48.0254153292964,0.3404916911524676,470.9533594728535,3,3,3,Winter
Melbourne,2003,0.4270741049830722,0.7567991913711323,-0.09722467087660414,9.7313988921683,77.30954184858975,2.8259259712891818,70.61516327058445,0.5905574795234886,647.6912415055317,3,3,3,Winter
Melbourne,2004,0.5100728317475015,0.7697981925075633,-0.11545735550712416,9.855920459587114,76.43107336791809,2.8940474734159665,73.24676988218235,0.602579438967349,664.0800292396034,3,3,3,Winter
Melbourne,2005,0.27296742390062256,0.8261802123147776,-0.08485361454090186,10.454634691499216,76.24090972608191,2.7110907523324292,58.278872137843486,0.5480313299921232,581.4907821079149,3,3,3,Winter
Melbourne,2006,0.3317915486268052,0.732660343922329,-0.12551978183789045,9.39363368173283,77.32247156045925,1.1686629339469798,31.559424192432004,0.5713256014089856,458.12714901771596,3,3,3,Winter
Melbourne,2007,0.5852693541014542,0.6098892955217522,-0.12254858997910613,9.581864022399001,78.22134580618315,1.9875052847966128,61.61897704103035,0.5893045583768175,574.4374550469121,3,3,3,Winter
Melbourne,2008,0.47273709041793843,0.8394716112912165,-0.10294612755516613,9.667260743892035,78.0327077452928,2.001313586616018,66.98739451971704,0.6132264151849632,607.5095916045788,3,3,3,Winter
Melbourne,2009,0.28982476084953207,0.7249611023013874,-0.079513231908339,10.190488917919248,75.9450651476,3.1309464104692872,47.10979160429932,0.5472424322850769,626.0531162793772,3,3,3,Winter
Melbourne,2010,0.798708148466781,0.5573158376137295,-0.1345530297715318,9.199749172234581,80.53929241812904,2.144243052860973,71.67408833873934,0.6205936262119391,547.7409795193506,3,3,3,Winter
Melbourne,2011,0.6647278648720493,1.0903715692807747,-0.11699321027832481,10.216110788912964,77.45372644859457,1.942749897019065,44.84504662765506,0.5726785894093821,579.6222379699789,3,3,3,Winter
Melbourne,2012,0.7858263259060525,0.970198715111959,-0.12831961022288854,9.666158480469539,78.8611676692381,1.9489000095512639,72.5901821625404,0.6205986347199285,600.57528166136,3,3,3,Winter
Melbourne,2013,0.6184956641881302,0.40418834642536144,-0.10717215124200426,10.360905469497283,78.57815690490646,2.64493336110278,66.42064717642994,0.6016419157385826,601.773775380248,3,3,3,Winter
Melbourne,2014,0.73849120022891,1.0908860263916311,-0.15151139870777686,10.268098780382331,80.67040887347737,1.9638637642699306,47.61566861035965,0.6516895911142803,567.2369137815965,3,3,3,Winter
Melbourne,2015,0.542434349730358,0.852837163664724,-0.11428998144037933,9.263430279551947,79.33424139605755,1.8057631537301164,48.777174526420644,0.6524218374045967,553.7617412291007,3,3,3,Winter
Melbourne,2016,0.8634425002019418,0.6309785165743946,-0.14423487946710165,10.23200689661814,79.99715715285954,2.7289832422361933,80.7380220132661,0.6776406350075348,627.5573179178521,3,3,3,Winter
Melbourne,2017,0.7470228746804484,0.8625219636372295,-0.13395484479975406,9.323923373797646,77.7229746390879,2.433850191261661,47.83729382798324,0.5616205798943092,536.6161890822506,3,3,3,Winter
Melbourne,2018,0.7136306623200142,0.8312128658746955,-0.1154110870736804,9.582873638790588,74.93136376401424,2.9162159807310606,52.76411937549087,0.5794379881102928,662.8264099714264,3,3,3,Winter
Melbourne,2019,0.8105905809117177,1.0221156921620111,-0.12093050241928645,9.846307642359752,78.90186230845872,2.4798101565580124,67.75042986411141,0.5927760921505224,606.2267811701062,3,3,3,Winter
Melbourne,2020,1.102543931169894,1.0744687682190646,-0.1338644804780651,9.54332042690685,82.59677394990915,1.4489974528638665,52.36290743070139,0.6677539058402515,532.0566753663583,3,3,3,Winter
Melbourne,2021,0.9736781904969062,0.7983691733084579,-0.11596270464085327,10.253944359814325,79.24576408777607,2.633322793411908,65.04816624852585,0.6632795307662097,605.7606806818985,3,3,3,Winter
Melbourne,2022,0.9160277575397912,1.052647261461387,-0.11696569649814824,9.716333273716355,81.10781957904067,2.13232971923481,75.15321747066254,0.6508716415344232,598.834173246832,3,3,3,Winter
Melbourne,2023,0.8656407503583736,1.2478734256988895,-0.12832538683318948,10.609674837591418,78.6201474368922,2.848110566299694,50.21899491761432,0.6461636673782264,606.7267530269129,3,3,3,Winter
Melbourne,2024,0.6651423440373693,0.9376594908693029,-0.12496586026265345,10.230267215691283,78.34655628112749,1.997221167418524,48.43782049755027,0.6570748940969121,568.3428880011428,3,3,3,Winter
Melbourne,2025,0.5572557803183186,1.2367197731793882,-0.08568263187882967,9.643566194999657,76.93780040875089,2.127513109211927,51.82012345665155,0.5771959907524254,559.7905738377166,3,3,3,Winter
Perth,2003,0.6580385799710816,0.3189666229839186,-0.06767071725048757,13.272090797608621,75.65171925044352,0.9563904614038409,116.35468933585737,0.49237116701319916,616.341044297623,3,3,3,Winter
Perth,2004,0.6848286550955022,0.4536519280133051,-0.06722914026163333,13.464269859466677,76.22603401295068,1.5295021419958266,100.71151854932016,0.4823952750415328,650.3139029608832,3,3,3,Winter
Perth,2005,0.598943158248557,0.23046142622219032,-0.07031010383470286,13.073145842305399,76.39281356537448,0.5439963776500579,97.2827941573272,0.4616368391632704,579.2830315557654,3,3,3,Winter
Perth,2006,0.44156318789564253,0.5302352967653828,-0.052385198297482595,13.763781407621522,70.02240675364897,1.5123015109821776,67.7503691096819,0.3676559207864552,576.048439383918,3,3,3,Winter
Perth,2007,0.49331806670610473,0.34970431706904126,-0.0631769959286984,14.312178882522552,71.99331398274151,1.9908479308218217,89.78989360115848,0.4736618501454941,679.9447493569616,3,3,3,Winter
Perth,2008,0.6667776885194172,0.575405451016568,-0.07434179551692556,13.20701322061924,71.48411659551626,1.4222246089887685,98.33632883987131,0.4078903710167518,558.5526497250511,3,3,3,Winter
Perth,2009,0.5721345435404039,0.5469558912011347,-0.0638843645484198,13.552096258549156,76.51251265836551,1.534209544916429,113.90276852171813,0.4924190050881841,647.1579567940173,3,3,3,Winter
Perth,2010,0.5043428521102188,0.8466637952623725,-0.05659994962289224,12.868809758851762,71.24461924116851,1.0723791148773179,59.906142095269026,0.3904400218028789,474.4076490672067,3,3,3,Winter
Perth,2011,0.5165186283361406,0.5370192654065636,-0.0590861817850643,14.255918079215652,74.1885336983351,0.9118265311345265,110.65089716605765,0.4781686008295328,630.2801896563228,3,3,3,Winter
Perth,2012,0.657495900985745,0.7273776028776165,-0.08021155512019547,13.688725314459548,72.55095696635749,1.2147059176204318,72.62390579402755,0.4581500312983166,503.2558109054408,3,3,3,Winter
Perth,2013,0.6913208934757833,0.4569142225084913,-0.07349792037056246,13.961490282541826,74.69146455738671,1.412721421932468,74.68462627571655,0.416791689424699,566.5584691023315,3,3,3,Winter
Perth,2014,0.6889068347590109,0.09731053700132275,-0.0851513592786428,14.220232960534497,73.7796994429422,1.0500035130470924,83.12689016282776,0.4523248012011178,525.5627427874473,3,3,3,Winter
Perth,2015,0.6428761352990726,0.6230129001295094,-0.07515860438968197,14.110031763975853,75.32901360702581,0.9726530045941558,86.35935837309262,0.5070036629393563,505.8401044130819,3,3,3,Winter
Perth,2016,0.6789074680607582,0.5108577706952694,-0.07376789449311087,12.687337328040106,75.69942941321371,0.5282196405788199,81.55302523615723,0.5212080103876757,608.4108029109515,3,3,3,Winter
Perth,2017,0.607227139446436,0.7449513793186086,-0.0678749482836907,13.936332343544464,73.25169068591305,1.7710346078257402,101.23134601310574,0.49959752817167086,604.3955411785961,3,3,3,Winter
Perth,2018,0.5950135643207622,0.5730973280316519,-0.0690181405111631,13.654564144958558,76.45632753030945,1.6969470565481763,119.16899841754895,0.4904712965548696,620.5173276370767,3,3,3,Winter
Perth,2019,0.523640271593185,0.694329426425643,-0.0650082789531446,13.905656722696035,71.68688778720379,0.8973689684531828,104.40480191308939,0.45282939535336214,543.9133755385752,3,3,3,Winter
Perth,2020,0.5359767294019319,0.6561155245306726,-0.07197198170604878,14.391748033711815,72.95349530741612,0.9330593303741327,80.82863805591263,0.4899789912329204,594.0906139713389,3,3,3,Winter
Perth,2021,0.6533811185250601,0.4085047246584403,-0.07410653710974474,13.808291079440247,76.4403485579134,1.592018349737087,117.8474182732936,0.5119160393971546,640.8906083222173,3,3,3,Winter
Perth,2022,0.6425320392894965,0.31025190323724594,-0.07947699243329927,13.722774536153894,75.02161981209436,1.076153123549596,100.29744236610469,0.4820847094619454,598.9594117158689,3,3,3,Winter
Perth,2023,0.6485676585076767,0.2631595895824796,-0.0754446779836651,13.27625555455728,76.44750373716862,1.3344161138554567,72.54270536521689,0.4826545538400024,552.5712446524736,3,3,3,Winter
Perth,2024,0.6764200313464622,0.19963363424075453,-0.07373212568924276,14.770090835286984,76.24327860943714,1.8540245738382914,120.79260887889474,0.5326832200460304,657.5095635645138,3,3,3,Winter
Perth,2025,0.5323907226797822,0.6822872122381787,-0.0808109568947639,13.553407619310484,76.81954892978358,0.6844810550887699,137.86352404731977,0.4980183168860079,560.5109619867234,3,3,3,Winter
Sydney,2003,1.0418157226031763,0.6671958810448526,-0.08126758895969613,12.459774558603492,69.03939944197963,1.6365835396754742,44.01124131719073,0.33261928401380825,515.2508227862963,3,3,3,Winter
Sydney,2004,0.26502095744512144,1.0896113315014961,-0.044681600675564766,12.68528520928887,63.60002203511121,1.989237333215667,30.960118462567905,0.3209602771311455,586.3936671986747,3,3,3,Winter
Sydney,2005,0.40645842487225536,0.779221801298496,-0.04421747241433457,12.81388843947582,68.09281483396465,1.582232445450389,47.578239363971875,0.30295616902522193,529.2745589901243,3,3,3,Winter
Sydney,2006,0.6008769769923923,0.6224827273315165,-0.04649962952541817,12.25129560733121,70.33782703891109,1.715265943623706,53.60832163693376,0.37944009805200113,484.0917874737641,3,3,3,Winter
Sydney,2007,1.1263816742381205,0.7988529712949036,-0.08908068235576973,12.469829941681589,69.94954671476955,2.1632734740360307,129.30120574807745,0.406366664200873,584.1805178028316,3,3,3,Winter
Sydney,2008,1.0420760661633757,0.8017802610397716,-0.07154083913354074,12.121889518876992,69.00372953732442,2.215757750003118,64.4875264182304,0.43760897265342535,597.4331819944873,3,3,3,Winter
Sydney,2009,1.0225049660265295,0.956192650985883,-0.0749457559394765,12.832437808920917,66.50791957127653,1.9314833340172168,36.307842982365905,0.3444445841980614,543.3241997977236,3,3,3,Winter
Sydney,2010,0.9184506537060736,0.3621909247684272,-0.060752255393349865,12.23041252680286,70.50877899496845,1.8942236985104675,52.88470818650344,0.40811791501630407,583.963112218044,3,3,3,Winter
Sydney,2011,0.8502935914596996,0.948434585748827,-0.07821540237438661,12.415395556397725,71.0560052327945,1.7932628347278554,54.49819236589136,0.3935125465377251,573.0281416505526,3,3,3,Winter
Sydney,2012,1.0103572714192925,0.6648961856723906,-0.0744866874178111,12.092664009461181,69.22247465301963,2.030628612648544,39.667626848756335,0.3800080363113884,589.3520437991522,3,3,3,Winter
Sydney,2013,1.0902931103008306,0.6678748084344978,-0.07773035353792947,12.977154636161664,70.55608557151552,1.8070956622060048,57.93798909147284,0.40366133737030324,516.292016629904,3,3,3,Winter
Sydney,2014,0.6566635201091913,0.5664166719690842,-0.0662374617754114,12.650295485058455,69.23862709071669,2.3138449427872367,63.96946964041016,0.3723034532943967,569.2056522299797,3,3,3,Winter
Sydney,2015,1.1515132007007527,0.46280768182909277,-0.066764227285259,12.061870011919593,71.568948070829,1.7602548408148315,49.284861075103436,0.38342970617968053,457.35391027447395,3,3,3,Winter
Sydney,2016,1.14993790420516,0.7445180782050326,-0.05528948447781396,13.096998282918115,70.05459444963097,1.9072646850478137,118.9707450672774,0.44275997708290565,538.6801099381834,3,3,3,Winter
Sydney,2017,1.0433046140590345,0.42383695193407583,-0.07724680460685357,12.491043614123418,66.32348288224618,2.3078172014102356,31.72203283133,0.33505444928979006,528.1058163224407,3,3,3,Winter
Sydney,2018,0.38775401431344036,0.8636158795668614,-0.04109317532784573,12.43599844001026,61.56989247538854,2.0251196964459592,32.96265317037528,0.2913874033790323,585.6053198970966,3,3,3,Winter
Sydney,2019,0.7982944698909394,0.44107713425494693,-0.06642994399088303,12.764377489991473,66.05092288687716,1.9675239821472779,45.62756199361896,0.331151979190991,534.1037653832886,3,3,3,Winter
Sydney,2020,1.2100866205056562,0.7269848517356555,-0.07834572891256657,12.553724434063431,71.961913302872,2.001187499932944,81.31382980610975,0.4114558441326592,506.81531374499576,3,3,3,Winter
Sydney,2021,1.1106418874310997,0.860504569321597,-0.0635615505758682,12.460440026025495,69.0952040584768,2.0347503586984597,51.01639427976749,0.405953950913589,537.7350299284826,3,3,3,Winter
Sydney,2022,1.1238165728125686,0.6129140950154266,-0.07060844307608703,12.389589724311408,71.9771437451833,2.1879418170812417,110.02517189673006,0.43015104335734305,546.8626949825256,3,3,3,Winter
Sydney,2023,0.7470225556145659,0.45077466130884297,-0.05314362910884154,12.876863351698562,69.97627213196289,1.4993349388111659,29.531646744930384,0.31803596900766756,436.2432885944627,3,3,3,Winter
Sydney,2024,0.8937435289011191,0.3953257636830167,-0.079475911279977,13.01868073977446,71.8448861000722,2.0074544860101753,63.86755949876772,0.47507848969146393,486.73848512766585,3,3,3,Winter
Sydney,2025,0.8849225304486179,0.20511133170000806,-0.07688190514694433,12.307126798867017,71.63580584839282,2.083240805262856,92.68801855210643,0.4326310222164711,542.0755963165133,3,3,3,Winter
